"team","vegas_proj_wins","date"
"Atlanta Hawks",43.8333333333333,2025-10-29
"Atlanta Hawks",42.5,2025-10-30
"Atlanta Hawks",42.5,2025-10-31
"Atlanta Hawks",42.5,2025-11-01
"Atlanta Hawks",42,2025-11-02
"Atlanta Hawks",41.8333333333333,2025-11-03
"Atlanta Hawks",41.8333333333333,2025-11-04
"Atlanta Hawks",41.5,2025-11-05
"Atlanta Hawks",41.5,2025-11-06
"Atlanta Hawks",41.5,2025-11-07
"Atlanta Hawks",43,2025-11-08
"Atlanta Hawks",42.5,2025-11-09
"Atlanta Hawks",42.6666666666667,2025-11-10
"Atlanta Hawks",43.6666666666667,2025-11-11
"Atlanta Hawks",43.6666666666667,2025-11-12
"Atlanta Hawks",44.1666666666667,2025-11-13
"Atlanta Hawks",45.5,2025-11-14
"Atlanta Hawks",46,2025-11-15
"Atlanta Hawks",46,2025-11-16
"Atlanta Hawks",47,2025-11-17
"Atlanta Hawks",46.75,2025-11-18
"Atlanta Hawks",46.625,2025-11-19
"Atlanta Hawks",46.625,2025-11-20
"Atlanta Hawks",46.625,2025-11-21
"Atlanta Hawks",46.5,2025-11-22
"Atlanta Hawks",46.5,2025-11-23
"Atlanta Hawks",47.25,2025-11-24
"Atlanta Hawks",47.25,2025-11-25
"Atlanta Hawks",46.5,2025-11-26
"Atlanta Hawks",46.625,2025-11-27
"Atlanta Hawks",46.625,2025-11-28
"Atlanta Hawks",48,2025-11-29
"Atlanta Hawks",48,2025-11-30
"Atlanta Hawks",47.5,2025-12-01
"Atlanta Hawks",47.875,2025-12-02
"Atlanta Hawks",47.875,2025-12-03
"Atlanta Hawks",48,2025-12-04
"Atlanta Hawks",47.8333333333333,2025-12-05
"Atlanta Hawks",46.5,2025-12-06
"Atlanta Hawks",46.5,2025-12-07
"Atlanta Hawks",47.5,2025-12-08
"Atlanta Hawks",46.875,2025-12-09
"Atlanta Hawks",46.875,2025-12-10
"Atlanta Hawks",46.875,2025-12-11
"Atlanta Hawks",46.875,2025-12-12
"Atlanta Hawks",46.625,2025-12-13
"Atlanta Hawks",46.75,2025-12-14
"Atlanta Hawks",46.5,2025-12-15
"Atlanta Hawks",46.5,2025-12-16
"Atlanta Hawks",46.5,2025-12-17
"Atlanta Hawks",46.5,2025-12-18
"Atlanta Hawks",46,2025-12-19
"Atlanta Hawks",45.5,2025-12-20
"Atlanta Hawks",45.5,2025-12-21
"Atlanta Hawks",46,2025-12-22
"Atlanta Hawks",46,2025-12-23
"Atlanta Hawks",44.75,2025-12-24
"Atlanta Hawks",44.75,2025-12-25
"Atlanta Hawks",44.6666666666667,2025-12-26
"Atlanta Hawks",44.6666666666667,2025-12-27
"Atlanta Hawks",44.6666666666667,2025-12-28
"Atlanta Hawks",42.25,2025-12-29
"Atlanta Hawks",41.5,2025-12-30
"Atlanta Hawks",41.5,2025-12-31
"Atlanta Hawks",42.5,2026-01-01
"Atlanta Hawks",42.5,2026-01-02
"Atlanta Hawks",42.5,2026-01-03
"Atlanta Hawks",43,2026-01-04
"Atlanta Hawks",42.8333333333333,2026-01-05
"Atlanta Hawks",41.8333333333333,2026-01-06
"Atlanta Hawks",41.8333333333333,2026-01-07
"Atlanta Hawks",42,2026-01-08
"Atlanta Hawks",42,2026-01-09
"Atlanta Hawks",42,2026-01-10
"Atlanta Hawks",42,2026-01-11
"Atlanta Hawks",43,2026-01-12
"Atlanta Hawks",42.5,2026-01-13
"Atlanta Hawks",42.5,2026-01-14
"Atlanta Hawks",42.5,2026-01-15
"Atlanta Hawks",42.5,2026-01-16
"Atlanta Hawks",42.5,2026-01-17
"Atlanta Hawks",42.5,2026-01-18
"Atlanta Hawks",42.5,2026-01-19
"Atlanta Hawks",40,2026-01-20
"Atlanta Hawks",40,2026-01-21
"Boston Celtics",42.125,2025-10-29
"Boston Celtics",42.125,2025-10-30
"Boston Celtics",40,2025-10-31
"Boston Celtics",43.5,2025-11-01
"Boston Celtics",42.5,2025-11-02
"Boston Celtics",42.5,2025-11-03
"Boston Celtics",41.5,2025-11-04
"Boston Celtics",41.5,2025-11-05
"Boston Celtics",42.875,2025-11-06
"Boston Celtics",42.875,2025-11-07
"Boston Celtics",41.75,2025-11-08
"Boston Celtics",41.75,2025-11-09
"Boston Celtics",42.8333333333333,2025-11-10
"Boston Celtics",43,2025-11-11
"Boston Celtics",41.5,2025-11-12
"Boston Celtics",41.5,2025-11-13
"Boston Celtics",42.6666666666667,2025-11-14
"Boston Celtics",42.25,2025-11-15
"Boston Celtics",42.25,2025-11-16
"Boston Celtics",42.5,2025-11-17
"Boston Celtics",42.5,2025-11-18
"Boston Celtics",42.75,2025-11-19
"Boston Celtics",42.75,2025-11-20
"Boston Celtics",42.625,2025-11-21
"Boston Celtics",42.625,2025-11-22
"Boston Celtics",42,2025-11-23
"Boston Celtics",41.5,2025-11-24
"Boston Celtics",41.5,2025-11-25
"Boston Celtics",41.5,2025-11-26
"Boston Celtics",42.75,2025-11-27
"Boston Celtics",42.75,2025-11-28
"Boston Celtics",42.5,2025-11-29
"Boston Celtics",41.75,2025-11-30
"Boston Celtics",42.5,2025-12-01
"Boston Celtics",42.875,2025-12-02
"Boston Celtics",43.5,2025-12-03
"Boston Celtics",46.5,2025-12-04
"Boston Celtics",46.5,2025-12-05
"Boston Celtics",46.5,2025-12-06
"Boston Celtics",46.5,2025-12-07
"Boston Celtics",49.75,2025-12-08
"Boston Celtics",49.6666666666667,2025-12-09
"Boston Celtics",49.8333333333333,2025-12-10
"Boston Celtics",49.8333333333333,2025-12-11
"Boston Celtics",49.6666666666667,2025-12-12
"Boston Celtics",49.6666666666667,2025-12-13
"Boston Celtics",49.6666666666667,2025-12-14
"Boston Celtics",50.1666666666667,2025-12-15
"Boston Celtics",50,2025-12-16
"Boston Celtics",50,2025-12-17
"Boston Celtics",49.8333333333333,2025-12-18
"Boston Celtics",49.8333333333333,2025-12-19
"Boston Celtics",49.5,2025-12-20
"Boston Celtics",49.5,2025-12-21
"Boston Celtics",51.5,2025-12-22
"Boston Celtics",52,2025-12-23
"Boston Celtics",52,2025-12-24
"Boston Celtics",52,2025-12-25
"Boston Celtics",52,2025-12-26
"Boston Celtics",52,2025-12-27
"Boston Celtics",52,2025-12-28
"Boston Celtics",51.5,2025-12-29
"Boston Celtics",51.6666666666667,2025-12-30
"Boston Celtics",53,2025-12-31
"Boston Celtics",52.5,2026-01-01
"Boston Celtics",53,2026-01-02
"Boston Celtics",53,2026-01-03
"Boston Celtics",52.5,2026-01-04
"Boston Celtics",52.5,2026-01-05
"Boston Celtics",52.5,2026-01-06
"Boston Celtics",52.6666666666667,2026-01-07
"Boston Celtics",51.5,2026-01-08
"Boston Celtics",51.5,2026-01-09
"Boston Celtics",52.5,2026-01-10
"Boston Celtics",52.5,2026-01-11
"Boston Celtics",51.5,2026-01-12
"Boston Celtics",50.5,2026-01-13
"Boston Celtics",50.5,2026-01-14
"Boston Celtics",51.25,2026-01-15
"Boston Celtics",51.5,2026-01-16
"Boston Celtics",51.5,2026-01-17
"Boston Celtics",51.5,2026-01-18
"Boston Celtics",53,2026-01-19
"Boston Celtics",52,2026-01-20
"Boston Celtics",52,2026-01-21
"Brooklyn Nets",17.5,2025-10-29
"Brooklyn Nets",17.5,2025-10-30
"Brooklyn Nets",17.5,2025-10-31
"Brooklyn Nets",17.5,2025-11-01
"Brooklyn Nets",17.5,2025-11-02
"Brooklyn Nets",16.6666666666667,2025-11-03
"Brooklyn Nets",16.5,2025-11-04
"Brooklyn Nets",16.5,2025-11-05
"Brooklyn Nets",17.5,2025-11-06
"Brooklyn Nets",17.5,2025-11-07
"Brooklyn Nets",16.5,2025-11-08
"Brooklyn Nets",16.5,2025-11-09
"Brooklyn Nets",16.5,2025-11-10
"Brooklyn Nets",16.5,2025-11-11
"Brooklyn Nets",15.6666666666667,2025-11-12
"Brooklyn Nets",15.3333333333333,2025-11-13
"Brooklyn Nets",15.5,2025-11-14
"Brooklyn Nets",15.5,2025-11-15
"Brooklyn Nets",15.5,2025-11-16
"Brooklyn Nets",16.5,2025-11-17
"Brooklyn Nets",16.5,2025-11-18
"Brooklyn Nets",16,2025-11-19
"Brooklyn Nets",15.6666666666667,2025-11-20
"Brooklyn Nets",15.6666666666667,2025-11-21
"Brooklyn Nets",15.6666666666667,2025-11-22
"Brooklyn Nets",16.5,2025-11-23
"Brooklyn Nets",16.5,2025-11-24
"Brooklyn Nets",16,2025-11-25
"Brooklyn Nets",16,2025-11-26
"Brooklyn Nets",16,2025-11-27
"Brooklyn Nets",16,2025-11-28
"Brooklyn Nets",15,2025-11-29
"Brooklyn Nets",15.75,2025-11-30
"Brooklyn Nets",15,2025-12-01
"Brooklyn Nets",16.5,2025-12-02
"Brooklyn Nets",16.3333333333333,2025-12-03
"Brooklyn Nets",17,2025-12-04
"Brooklyn Nets",17.5,2025-12-05
"Brooklyn Nets",17.5,2025-12-06
"Brooklyn Nets",17.5,2025-12-07
"Brooklyn Nets",17,2025-12-08
"Brooklyn Nets",17,2025-12-09
"Brooklyn Nets",17,2025-12-10
"Brooklyn Nets",17,2025-12-11
"Brooklyn Nets",17,2025-12-12
"Brooklyn Nets",17,2025-12-13
"Brooklyn Nets",17.1666666666667,2025-12-14
"Brooklyn Nets",18.25,2025-12-15
"Brooklyn Nets",18.25,2025-12-16
"Brooklyn Nets",18.3333333333333,2025-12-17
"Brooklyn Nets",18.3333333333333,2025-12-18
"Brooklyn Nets",18.3333333333333,2025-12-19
"Brooklyn Nets",18.25,2025-12-20
"Brooklyn Nets",18.25,2025-12-21
"Brooklyn Nets",18,2025-12-22
"Brooklyn Nets",19.25,2025-12-23
"Brooklyn Nets",20.5,2025-12-24
"Brooklyn Nets",20.5,2025-12-25
"Brooklyn Nets",20.5,2025-12-26
"Brooklyn Nets",20.5,2025-12-27
"Brooklyn Nets",20.5,2025-12-28
"Brooklyn Nets",22,2025-12-29
"Brooklyn Nets",23,2025-12-30
"Brooklyn Nets",23,2025-12-31
"Brooklyn Nets",23,2026-01-01
"Brooklyn Nets",23.5,2026-01-02
"Brooklyn Nets",24.5,2026-01-03
"Brooklyn Nets",24.5,2026-01-04
"Brooklyn Nets",24,2026-01-05
"Brooklyn Nets",24,2026-01-06
"Brooklyn Nets",24,2026-01-07
"Brooklyn Nets",24.25,2026-01-08
"Brooklyn Nets",24.25,2026-01-09
"Brooklyn Nets",24.5,2026-01-10
"Brooklyn Nets",24.5,2026-01-11
"Brooklyn Nets",23.1666666666667,2026-01-12
"Brooklyn Nets",23.5,2026-01-13
"Brooklyn Nets",23.5,2026-01-14
"Brooklyn Nets",23.5,2026-01-15
"Brooklyn Nets",23.5,2026-01-16
"Brooklyn Nets",23.5,2026-01-17
"Brooklyn Nets",23,2026-01-18
"Brooklyn Nets",23.5,2026-01-19
"Brooklyn Nets",23,2026-01-20
"Brooklyn Nets",23,2026-01-21
"Charlotte Hornets",30.6666666666667,2025-10-29
"Charlotte Hornets",31,2025-10-30
"Charlotte Hornets",31,2025-10-31
"Charlotte Hornets",31.25,2025-11-01
"Charlotte Hornets",31.5,2025-11-02
"Charlotte Hornets",31.5,2025-11-03
"Charlotte Hornets",31.5,2025-11-04
"Charlotte Hornets",30,2025-11-05
"Charlotte Hornets",30,2025-11-06
"Charlotte Hornets",30.5,2025-11-07
"Charlotte Hornets",28.75,2025-11-08
"Charlotte Hornets",28.25,2025-11-09
"Charlotte Hornets",28.3333333333333,2025-11-10
"Charlotte Hornets",27.5,2025-11-11
"Charlotte Hornets",27.5,2025-11-12
"Charlotte Hornets",28.3333333333333,2025-11-13
"Charlotte Hornets",28.3333333333333,2025-11-14
"Charlotte Hornets",28.5,2025-11-15
"Charlotte Hornets",28.5,2025-11-16
"Charlotte Hornets",28.5,2025-11-17
"Charlotte Hornets",27.75,2025-11-18
"Charlotte Hornets",27.375,2025-11-19
"Charlotte Hornets",27.375,2025-11-20
"Charlotte Hornets",27.375,2025-11-21
"Charlotte Hornets",27.375,2025-11-22
"Charlotte Hornets",26.5,2025-11-23
"Charlotte Hornets",26.5,2025-11-24
"Charlotte Hornets",26.5,2025-11-25
"Charlotte Hornets",26.5,2025-11-26
"Charlotte Hornets",26.5,2025-11-27
"Charlotte Hornets",26.5,2025-11-28
"Charlotte Hornets",26.75,2025-11-29
"Charlotte Hornets",26.5,2025-11-30
"Charlotte Hornets",26.8333333333333,2025-12-01
"Charlotte Hornets",26.5,2025-12-02
"Charlotte Hornets",26.5,2025-12-03
"Charlotte Hornets",26.5,2025-12-04
"Charlotte Hornets",26.5,2025-12-05
"Charlotte Hornets",27.5,2025-12-06
"Charlotte Hornets",27.5,2025-12-07
"Charlotte Hornets",26.5,2025-12-08
"Charlotte Hornets",26.5,2025-12-09
"Charlotte Hornets",26.5,2025-12-10
"Charlotte Hornets",26.5,2025-12-11
"Charlotte Hornets",26.5,2025-12-12
"Charlotte Hornets",25.5,2025-12-13
"Charlotte Hornets",25.5,2025-12-14
"Charlotte Hornets",26,2025-12-15
"Charlotte Hornets",26,2025-12-16
"Charlotte Hornets",26,2025-12-17
"Charlotte Hornets",26,2025-12-18
"Charlotte Hornets",27,2025-12-19
"Charlotte Hornets",26.8333333333333,2025-12-20
"Charlotte Hornets",27.25,2025-12-21
"Charlotte Hornets",27.3333333333333,2025-12-22
"Charlotte Hornets",26,2025-12-23
"Charlotte Hornets",27.5,2025-12-24
"Charlotte Hornets",27.5,2025-12-25
"Charlotte Hornets",27.5,2025-12-26
"Charlotte Hornets",27,2025-12-27
"Charlotte Hornets",27,2025-12-28
"Charlotte Hornets",27,2025-12-29
"Charlotte Hornets",27.25,2025-12-30
"Charlotte Hornets",27.25,2025-12-31
"Charlotte Hornets",27.5,2026-01-01
"Charlotte Hornets",27.5,2026-01-02
"Charlotte Hornets",26,2026-01-03
"Charlotte Hornets",27.5,2026-01-04
"Charlotte Hornets",27.5,2026-01-05
"Charlotte Hornets",28.1666666666667,2026-01-06
"Charlotte Hornets",30.8333333333333,2026-01-07
"Charlotte Hornets",31.5,2026-01-08
"Charlotte Hornets",31.5,2026-01-09
"Charlotte Hornets",30,2026-01-10
"Charlotte Hornets",30,2026-01-11
"Charlotte Hornets",31.5,2026-01-12
"Charlotte Hornets",31,2026-01-13
"Charlotte Hornets",31,2026-01-14
"Charlotte Hornets",31,2026-01-15
"Charlotte Hornets",32,2026-01-16
"Charlotte Hornets",32,2026-01-17
"Charlotte Hornets",32,2026-01-18
"Charlotte Hornets",33,2026-01-19
"Charlotte Hornets",33,2026-01-20
"Charlotte Hornets",33.5,2026-01-21
"Chicago Bulls",37.1666666666667,2025-10-29
"Chicago Bulls",38.3333333333333,2025-10-30
"Chicago Bulls",38.6666666666667,2025-10-31
"Chicago Bulls",41.75,2025-11-01
"Chicago Bulls",41.75,2025-11-02
"Chicago Bulls",41.8333333333333,2025-11-03
"Chicago Bulls",41.8333333333333,2025-11-04
"Chicago Bulls",41.5,2025-11-05
"Chicago Bulls",41.5,2025-11-06
"Chicago Bulls",41.5,2025-11-07
"Chicago Bulls",41.75,2025-11-08
"Chicago Bulls",41.5,2025-11-09
"Chicago Bulls",42.3333333333333,2025-11-10
"Chicago Bulls",41.8333333333333,2025-11-11
"Chicago Bulls",41.8333333333333,2025-11-12
"Chicago Bulls",41.8333333333333,2025-11-13
"Chicago Bulls",41.8333333333333,2025-11-14
"Chicago Bulls",41.8333333333333,2025-11-15
"Chicago Bulls",41.5,2025-11-16
"Chicago Bulls",41.5,2025-11-17
"Chicago Bulls",41.5,2025-11-18
"Chicago Bulls",41.5,2025-11-19
"Chicago Bulls",42.8333333333333,2025-11-20
"Chicago Bulls",42.8333333333333,2025-11-21
"Chicago Bulls",42.8333333333333,2025-11-22
"Chicago Bulls",42.8333333333333,2025-11-23
"Chicago Bulls",42.75,2025-11-24
"Chicago Bulls",41.6666666666667,2025-11-25
"Chicago Bulls",41.6666666666667,2025-11-26
"Chicago Bulls",41.6666666666667,2025-11-27
"Chicago Bulls",41.6666666666667,2025-11-28
"Chicago Bulls",42,2025-11-29
"Chicago Bulls",42,2025-11-30
"Chicago Bulls",39.25,2025-12-01
"Chicago Bulls",39.5,2025-12-02
"Chicago Bulls",39.5,2025-12-03
"Chicago Bulls",38.5,2025-12-04
"Chicago Bulls",37.8333333333333,2025-12-05
"Chicago Bulls",37.8333333333333,2025-12-06
"Chicago Bulls",36.5,2025-12-07
"Chicago Bulls",35,2025-12-08
"Chicago Bulls",35.3333333333333,2025-12-09
"Chicago Bulls",35.5,2025-12-10
"Chicago Bulls",35.5,2025-12-11
"Chicago Bulls",33.8333333333333,2025-12-12
"Chicago Bulls",34.1666666666667,2025-12-13
"Chicago Bulls",34.1666666666667,2025-12-14
"Chicago Bulls",33.25,2025-12-15
"Chicago Bulls",33.25,2025-12-16
"Chicago Bulls",33.1666666666667,2025-12-17
"Chicago Bulls",34,2025-12-18
"Chicago Bulls",33.5,2025-12-19
"Chicago Bulls",34,2025-12-20
"Chicago Bulls",34,2025-12-21
"Chicago Bulls",34,2025-12-22
"Chicago Bulls",34,2025-12-23
"Chicago Bulls",35.25,2025-12-24
"Chicago Bulls",35.25,2025-12-25
"Chicago Bulls",35.5,2025-12-26
"Chicago Bulls",35.5,2025-12-27
"Chicago Bulls",35.5,2025-12-28
"Chicago Bulls",35.75,2025-12-29
"Chicago Bulls",35.5,2025-12-30
"Chicago Bulls",35,2025-12-31
"Chicago Bulls",34,2026-01-01
"Chicago Bulls",34,2026-01-02
"Chicago Bulls",35,2026-01-03
"Chicago Bulls",34,2026-01-04
"Chicago Bulls",35,2026-01-05
"Chicago Bulls",35.5,2026-01-06
"Chicago Bulls",35.5,2026-01-07
"Chicago Bulls",34.5,2026-01-08
"Chicago Bulls",34.5,2026-01-09
"Chicago Bulls",34.5,2026-01-10
"Chicago Bulls",34.5,2026-01-11
"Chicago Bulls",34.5,2026-01-12
"Chicago Bulls",34.5,2026-01-13
"Chicago Bulls",34.5,2026-01-14
"Chicago Bulls",34,2026-01-15
"Chicago Bulls",34.5,2026-01-16
"Chicago Bulls",34.5,2026-01-17
"Chicago Bulls",34,2026-01-18
"Chicago Bulls",34,2026-01-19
"Chicago Bulls",34,2026-01-20
"Chicago Bulls",35,2026-01-21
"Cleveland Cavaliers",57.5,2025-10-29
"Cleveland Cavaliers",56.5,2025-10-30
"Cleveland Cavaliers",56.5,2025-10-31
"Cleveland Cavaliers",55.5,2025-11-01
"Cleveland Cavaliers",55.75,2025-11-02
"Cleveland Cavaliers",55.5,2025-11-03
"Cleveland Cavaliers",55.6666666666667,2025-11-04
"Cleveland Cavaliers",55.6666666666667,2025-11-05
"Cleveland Cavaliers",55.5,2025-11-06
"Cleveland Cavaliers",55.5,2025-11-07
"Cleveland Cavaliers",55.75,2025-11-08
"Cleveland Cavaliers",55.5,2025-11-09
"Cleveland Cavaliers",55.5,2025-11-10
"Cleveland Cavaliers",55.8333333333333,2025-11-11
"Cleveland Cavaliers",55.8333333333333,2025-11-12
"Cleveland Cavaliers",56.375,2025-11-13
"Cleveland Cavaliers",56,2025-11-14
"Cleveland Cavaliers",55.8333333333333,2025-11-15
"Cleveland Cavaliers",55.8333333333333,2025-11-16
"Cleveland Cavaliers",55.75,2025-11-17
"Cleveland Cavaliers",55.5,2025-11-18
"Cleveland Cavaliers",55.5,2025-11-19
"Cleveland Cavaliers",56,2025-11-20
"Cleveland Cavaliers",56,2025-11-21
"Cleveland Cavaliers",56,2025-11-22
"Cleveland Cavaliers",56,2025-11-23
"Cleveland Cavaliers",56,2025-11-24
"Cleveland Cavaliers",56,2025-11-25
"Cleveland Cavaliers",55.5,2025-11-26
"Cleveland Cavaliers",55.5,2025-11-27
"Cleveland Cavaliers",55.1666666666667,2025-11-28
"Cleveland Cavaliers",55,2025-11-29
"Cleveland Cavaliers",55,2025-11-30
"Cleveland Cavaliers",53.75,2025-12-01
"Cleveland Cavaliers",53,2025-12-02
"Cleveland Cavaliers",53,2025-12-03
"Cleveland Cavaliers",53,2025-12-04
"Cleveland Cavaliers",53,2025-12-05
"Cleveland Cavaliers",53,2025-12-06
"Cleveland Cavaliers",53,2025-12-07
"Cleveland Cavaliers",52,2025-12-08
"Cleveland Cavaliers",51,2025-12-09
"Cleveland Cavaliers",51,2025-12-10
"Cleveland Cavaliers",51,2025-12-11
"Cleveland Cavaliers",51,2025-12-12
"Cleveland Cavaliers",50.6666666666667,2025-12-13
"Cleveland Cavaliers",51,2025-12-14
"Cleveland Cavaliers",48.5,2025-12-15
"Cleveland Cavaliers",48.75,2025-12-16
"Cleveland Cavaliers",48.8333333333333,2025-12-17
"Cleveland Cavaliers",48,2025-12-18
"Cleveland Cavaliers",47.5,2025-12-19
"Cleveland Cavaliers",46.5,2025-12-20
"Cleveland Cavaliers",46.5,2025-12-21
"Cleveland Cavaliers",46.5,2025-12-22
"Cleveland Cavaliers",48,2025-12-23
"Cleveland Cavaliers",47.25,2025-12-24
"Cleveland Cavaliers",47.25,2025-12-25
"Cleveland Cavaliers",46.75,2025-12-26
"Cleveland Cavaliers",46.5,2025-12-27
"Cleveland Cavaliers",46.5,2025-12-28
"Cleveland Cavaliers",47.25,2025-12-29
"Cleveland Cavaliers",49,2025-12-30
"Cleveland Cavaliers",49,2025-12-31
"Cleveland Cavaliers",49,2026-01-01
"Cleveland Cavaliers",48.6666666666667,2026-01-02
"Cleveland Cavaliers",48.5,2026-01-03
"Cleveland Cavaliers",48.5,2026-01-04
"Cleveland Cavaliers",49,2026-01-05
"Cleveland Cavaliers",49,2026-01-06
"Cleveland Cavaliers",49,2026-01-07
"Cleveland Cavaliers",49,2026-01-08
"Cleveland Cavaliers",49,2026-01-09
"Cleveland Cavaliers",49,2026-01-10
"Cleveland Cavaliers",49,2026-01-11
"Cleveland Cavaliers",49,2026-01-12
"Cleveland Cavaliers",46.5,2026-01-13
"Cleveland Cavaliers",46.5,2026-01-14
"Cleveland Cavaliers",47.5,2026-01-15
"Cleveland Cavaliers",47.5,2026-01-16
"Cleveland Cavaliers",47.5,2026-01-17
"Cleveland Cavaliers",48.5,2026-01-18
"Cleveland Cavaliers",48.5,2026-01-19
"Cleveland Cavaliers",47.5,2026-01-20
"Cleveland Cavaliers",47.5,2026-01-21
"Dallas Mavericks",42.625,2025-10-29
"Dallas Mavericks",43.3333333333333,2025-10-30
"Dallas Mavericks",38.5,2025-10-31
"Dallas Mavericks",38.3333333333333,2025-11-01
"Dallas Mavericks",36,2025-11-02
"Dallas Mavericks",37,2025-11-03
"Dallas Mavericks",37,2025-11-04
"Dallas Mavericks",37,2025-11-05
"Dallas Mavericks",35.1666666666667,2025-11-06
"Dallas Mavericks",35.1666666666667,2025-11-07
"Dallas Mavericks",35,2025-11-08
"Dallas Mavericks",35,2025-11-09
"Dallas Mavericks",34.8333333333333,2025-11-10
"Dallas Mavericks",35.5,2025-11-11
"Dallas Mavericks",35.5,2025-11-12
"Dallas Mavericks",33.5,2025-11-13
"Dallas Mavericks",33.5,2025-11-14
"Dallas Mavericks",32.6666666666667,2025-11-15
"Dallas Mavericks",32,2025-11-16
"Dallas Mavericks",32.5,2025-11-17
"Dallas Mavericks",33.1666666666667,2025-11-18
"Dallas Mavericks",32.8333333333333,2025-11-19
"Dallas Mavericks",32.1666666666667,2025-11-20
"Dallas Mavericks",32.1666666666667,2025-11-21
"Dallas Mavericks",32.1666666666667,2025-11-22
"Dallas Mavericks",32.1666666666667,2025-11-23
"Dallas Mavericks",31.25,2025-11-24
"Dallas Mavericks",30.5,2025-11-25
"Dallas Mavericks",30.5,2025-11-26
"Dallas Mavericks",30.5,2025-11-27
"Dallas Mavericks",30,2025-11-28
"Dallas Mavericks",29,2025-11-29
"Dallas Mavericks",29,2025-11-30
"Dallas Mavericks",30.25,2025-12-01
"Dallas Mavericks",31.3333333333333,2025-12-02
"Dallas Mavericks",31.3333333333333,2025-12-03
"Dallas Mavericks",32.3333333333333,2025-12-04
"Dallas Mavericks",32.3333333333333,2025-12-05
"Dallas Mavericks",32.3333333333333,2025-12-06
"Dallas Mavericks",32.3333333333333,2025-12-07
"Dallas Mavericks",32.5,2025-12-08
"Dallas Mavericks",33.3333333333333,2025-12-09
"Dallas Mavericks",33.3333333333333,2025-12-10
"Dallas Mavericks",33.3333333333333,2025-12-11
"Dallas Mavericks",33.3333333333333,2025-12-12
"Dallas Mavericks",33.3333333333333,2025-12-13
"Dallas Mavericks",33.3333333333333,2025-12-14
"Dallas Mavericks",33.3333333333333,2025-12-15
"Dallas Mavericks",32.75,2025-12-16
"Dallas Mavericks",32.6666666666667,2025-12-17
"Dallas Mavericks",32.5,2025-12-18
"Dallas Mavericks",31.3333333333333,2025-12-19
"Dallas Mavericks",31.25,2025-12-20
"Dallas Mavericks",31.25,2025-12-21
"Dallas Mavericks",31.25,2025-12-22
"Dallas Mavericks",30.5,2025-12-23
"Dallas Mavericks",31,2025-12-24
"Dallas Mavericks",31,2025-12-25
"Dallas Mavericks",31.5,2025-12-26
"Dallas Mavericks",31.5,2025-12-27
"Dallas Mavericks",31.5,2025-12-28
"Dallas Mavericks",30.5,2025-12-29
"Dallas Mavericks",30.5,2025-12-30
"Dallas Mavericks",30.5,2025-12-31
"Dallas Mavericks",30.5,2026-01-01
"Dallas Mavericks",29,2026-01-02
"Dallas Mavericks",29,2026-01-03
"Dallas Mavericks",30.5,2026-01-04
"Dallas Mavericks",30.3333333333333,2026-01-05
"Dallas Mavericks",30,2026-01-06
"Dallas Mavericks",30,2026-01-07
"Dallas Mavericks",30,2026-01-08
"Dallas Mavericks",30,2026-01-09
"Dallas Mavericks",30,2026-01-10
"Dallas Mavericks",30,2026-01-11
"Dallas Mavericks",29,2026-01-12
"Dallas Mavericks",28.5,2026-01-13
"Dallas Mavericks",28.5,2026-01-14
"Dallas Mavericks",27,2026-01-15
"Dallas Mavericks",28.5,2026-01-16
"Dallas Mavericks",28.5,2026-01-17
"Dallas Mavericks",28.5,2026-01-18
"Dallas Mavericks",28.5,2026-01-19
"Dallas Mavericks",29.5,2026-01-20
"Dallas Mavericks",29.5,2026-01-21
"Denver Nuggets",53.5,2025-10-29
"Denver Nuggets",54.8333333333333,2025-10-30
"Denver Nuggets",54.8333333333333,2025-10-31
"Denver Nuggets",53.5,2025-11-01
"Denver Nuggets",53.5,2025-11-02
"Denver Nuggets",53.5,2025-11-03
"Denver Nuggets",53.5,2025-11-04
"Denver Nuggets",53.5,2025-11-05
"Denver Nuggets",53.5,2025-11-06
"Denver Nuggets",53.5,2025-11-07
"Denver Nuggets",55.25,2025-11-08
"Denver Nuggets",56,2025-11-09
"Denver Nuggets",55.6666666666667,2025-11-10
"Denver Nuggets",55.5,2025-11-11
"Denver Nuggets",55.8333333333333,2025-11-12
"Denver Nuggets",56.6666666666667,2025-11-13
"Denver Nuggets",56.5,2025-11-14
"Denver Nuggets",56.5,2025-11-15
"Denver Nuggets",56.5,2025-11-16
"Denver Nuggets",58,2025-11-17
"Denver Nuggets",56.5,2025-11-18
"Denver Nuggets",56.5,2025-11-19
"Denver Nuggets",56.5,2025-11-20
"Denver Nuggets",56.5,2025-11-21
"Denver Nuggets",56.5,2025-11-22
"Denver Nuggets",55.5,2025-11-23
"Denver Nuggets",55.5,2025-11-24
"Denver Nuggets",56.5,2025-11-25
"Denver Nuggets",56.5,2025-11-26
"Denver Nuggets",56.5,2025-11-27
"Denver Nuggets",56.5,2025-11-28
"Denver Nuggets",56.5,2025-11-29
"Denver Nuggets",55.5,2025-11-30
"Denver Nuggets",55.5,2025-12-01
"Denver Nuggets",55.5,2025-12-02
"Denver Nuggets",55.5,2025-12-03
"Denver Nuggets",57,2025-12-04
"Denver Nuggets",57,2025-12-05
"Denver Nuggets",57,2025-12-06
"Denver Nuggets",56.5,2025-12-07
"Denver Nuggets",56.5,2025-12-08
"Denver Nuggets",56.5,2025-12-09
"Denver Nuggets",56.5,2025-12-10
"Denver Nuggets",56.5,2025-12-11
"Denver Nuggets",56.5,2025-12-12
"Denver Nuggets",57,2025-12-13
"Denver Nuggets",57,2025-12-14
"Denver Nuggets",57,2025-12-15
"Denver Nuggets",57,2025-12-16
"Denver Nuggets",57.1666666666667,2025-12-17
"Denver Nuggets",57.1666666666667,2025-12-18
"Denver Nuggets",57.5,2025-12-19
"Denver Nuggets",57.5,2025-12-20
"Denver Nuggets",57.5,2025-12-21
"Denver Nuggets",56.5,2025-12-22
"Denver Nuggets",56.5,2025-12-23
"Denver Nuggets",57,2025-12-24
"Denver Nuggets",57,2025-12-25
"Denver Nuggets",57.25,2025-12-26
"Denver Nuggets",56.5,2025-12-27
"Denver Nuggets",56.5,2025-12-28
"Denver Nuggets",56.25,2025-12-29
"Denver Nuggets",48.5,2025-12-30
"Denver Nuggets",48.5,2025-12-31
"Denver Nuggets",48.5,2026-01-01
"Denver Nuggets",48.75,2026-01-02
"Denver Nuggets",49,2026-01-03
"Denver Nuggets",49,2026-01-04
"Denver Nuggets",49,2026-01-05
"Denver Nuggets",48.5,2026-01-06
"Denver Nuggets",50.25,2026-01-07
"Denver Nuggets",51.5,2026-01-08
"Denver Nuggets",51.5,2026-01-09
"Denver Nuggets",51.5,2026-01-10
"Denver Nuggets",51.5,2026-01-11
"Denver Nuggets",52,2026-01-12
"Denver Nuggets",52,2026-01-13
"Denver Nuggets",51.5,2026-01-14
"Denver Nuggets",53.25,2026-01-15
"Denver Nuggets",53,2026-01-16
"Denver Nuggets",53.25,2026-01-17
"Denver Nuggets",54,2026-01-18
"Denver Nuggets",52.5,2026-01-19
"Denver Nuggets",52.5,2026-01-20
"Denver Nuggets",52.5,2026-01-21
"Detroit Pistons",44.3333333333333,2025-10-29
"Detroit Pistons",44.6666666666667,2025-10-30
"Detroit Pistons",44.6666666666667,2025-10-31
"Detroit Pistons",44.6666666666667,2025-11-01
"Detroit Pistons",44.5,2025-11-02
"Detroit Pistons",45.5,2025-11-03
"Detroit Pistons",45.1666666666667,2025-11-04
"Detroit Pistons",45.25,2025-11-05
"Detroit Pistons",46.625,2025-11-06
"Detroit Pistons",46.5,2025-11-07
"Detroit Pistons",47.5,2025-11-08
"Detroit Pistons",48,2025-11-09
"Detroit Pistons",49.75,2025-11-10
"Detroit Pistons",49.8333333333333,2025-11-11
"Detroit Pistons",49.8333333333333,2025-11-12
"Detroit Pistons",49.5,2025-11-13
"Detroit Pistons",49.5,2025-11-14
"Detroit Pistons",50.3333333333333,2025-11-15
"Detroit Pistons",51,2025-11-16
"Detroit Pistons",50.8333333333333,2025-11-17
"Detroit Pistons",50.5,2025-11-18
"Detroit Pistons",51.5,2025-11-19
"Detroit Pistons",51.5,2025-11-20
"Detroit Pistons",51.8333333333333,2025-11-21
"Detroit Pistons",51.5,2025-11-22
"Detroit Pistons",51.5,2025-11-23
"Detroit Pistons",54,2025-11-24
"Detroit Pistons",53.6666666666667,2025-11-25
"Detroit Pistons",53.75,2025-11-26
"Detroit Pistons",54,2025-11-27
"Detroit Pistons",54,2025-11-28
"Detroit Pistons",53.5,2025-11-29
"Detroit Pistons",53.5,2025-11-30
"Detroit Pistons",54.75,2025-12-01
"Detroit Pistons",55.5,2025-12-02
"Detroit Pistons",55.5,2025-12-03
"Detroit Pistons",56,2025-12-04
"Detroit Pistons",56,2025-12-05
"Detroit Pistons",56,2025-12-06
"Detroit Pistons",56,2025-12-07
"Detroit Pistons",57,2025-12-08
"Detroit Pistons",56,2025-12-09
"Detroit Pistons",56,2025-12-10
"Detroit Pistons",56.5,2025-12-11
"Detroit Pistons",56.5,2025-12-12
"Detroit Pistons",57,2025-12-13
"Detroit Pistons",56.8333333333333,2025-12-14
"Detroit Pistons",57,2025-12-15
"Detroit Pistons",57.5,2025-12-16
"Detroit Pistons",57.5,2025-12-17
"Detroit Pistons",57.5,2025-12-18
"Detroit Pistons",58,2025-12-19
"Detroit Pistons",58,2025-12-20
"Detroit Pistons",58,2025-12-21
"Detroit Pistons",58,2025-12-22
"Detroit Pistons",57.75,2025-12-23
"Detroit Pistons",57.5,2025-12-24
"Detroit Pistons",57.5,2025-12-25
"Detroit Pistons",57.5,2025-12-26
"Detroit Pistons",57.5,2025-12-27
"Detroit Pistons",57.5,2025-12-28
"Detroit Pistons",55.5,2025-12-29
"Detroit Pistons",55.5,2025-12-30
"Detroit Pistons",55.5,2025-12-31
"Detroit Pistons",56.1666666666667,2026-01-01
"Detroit Pistons",55.5,2026-01-02
"Detroit Pistons",55.5,2026-01-03
"Detroit Pistons",55.5,2026-01-04
"Detroit Pistons",56.75,2026-01-05
"Detroit Pistons",56.5,2026-01-06
"Detroit Pistons",56.6666666666667,2026-01-07
"Detroit Pistons",56.5,2026-01-08
"Detroit Pistons",56.5,2026-01-09
"Detroit Pistons",56.5,2026-01-10
"Detroit Pistons",56.5,2026-01-11
"Detroit Pistons",55.5,2026-01-12
"Detroit Pistons",55.5,2026-01-13
"Detroit Pistons",55.5,2026-01-14
"Detroit Pistons",55.5,2026-01-15
"Detroit Pistons",55.8333333333333,2026-01-16
"Detroit Pistons",56,2026-01-17
"Detroit Pistons",56,2026-01-18
"Detroit Pistons",55.75,2026-01-19
"Detroit Pistons",57,2026-01-20
"Detroit Pistons",56.8333333333333,2026-01-21
"Golden State Warriors",52.1666666666667,2025-10-29
"Golden State Warriors",52.8333333333333,2025-10-30
"Golden State Warriors",52.25,2025-10-31
"Golden State Warriors",52.25,2025-11-01
"Golden State Warriors",52,2025-11-02
"Golden State Warriors",52,2025-11-03
"Golden State Warriors",52,2025-11-04
"Golden State Warriors",51,2025-11-05
"Golden State Warriors",50.8333333333333,2025-11-06
"Golden State Warriors",51,2025-11-07
"Golden State Warriors",50,2025-11-08
"Golden State Warriors",49.25,2025-11-09
"Golden State Warriors",49.5,2025-11-10
"Golden State Warriors",49.6666666666667,2025-11-11
"Golden State Warriors",49.3333333333333,2025-11-12
"Golden State Warriors",49.6666666666667,2025-11-13
"Golden State Warriors",49.5,2025-11-14
"Golden State Warriors",50,2025-11-15
"Golden State Warriors",49.5,2025-11-16
"Golden State Warriors",50.75,2025-11-17
"Golden State Warriors",50.8333333333333,2025-11-18
"Golden State Warriors",50,2025-11-19
"Golden State Warriors",48.5,2025-11-20
"Golden State Warriors",48.5,2025-11-21
"Golden State Warriors",48.5,2025-11-22
"Golden State Warriors",47.5,2025-11-23
"Golden State Warriors",47.5,2025-11-24
"Golden State Warriors",47.5,2025-11-25
"Golden State Warriors",47.5,2025-11-26
"Golden State Warriors",46.6666666666667,2025-11-27
"Golden State Warriors",46.6666666666667,2025-11-28
"Golden State Warriors",46.75,2025-11-29
"Golden State Warriors",46.3333333333333,2025-11-30
"Golden State Warriors",46.3333333333333,2025-12-01
"Golden State Warriors",46.5,2025-12-02
"Golden State Warriors",46.625,2025-12-03
"Golden State Warriors",46.5,2025-12-04
"Golden State Warriors",45.5,2025-12-05
"Golden State Warriors",45.5,2025-12-06
"Golden State Warriors",46.5,2025-12-07
"Golden State Warriors",48,2025-12-08
"Golden State Warriors",46.5,2025-12-09
"Golden State Warriors",46.5,2025-12-10
"Golden State Warriors",46.5,2025-12-11
"Golden State Warriors",46.5,2025-12-12
"Golden State Warriors",46.75,2025-12-13
"Golden State Warriors",46.75,2025-12-14
"Golden State Warriors",45.5,2025-12-15
"Golden State Warriors",45.5,2025-12-16
"Golden State Warriors",45.5,2025-12-17
"Golden State Warriors",45.5,2025-12-18
"Golden State Warriors",45.875,2025-12-19
"Golden State Warriors",45.8333333333333,2025-12-20
"Golden State Warriors",45.5,2025-12-21
"Golden State Warriors",45.6666666666667,2025-12-22
"Golden State Warriors",45.6666666666667,2025-12-23
"Golden State Warriors",45.6666666666667,2025-12-24
"Golden State Warriors",45.6666666666667,2025-12-25
"Golden State Warriors",47,2025-12-26
"Golden State Warriors",47,2025-12-27
"Golden State Warriors",47,2025-12-28
"Golden State Warriors",47.25,2025-12-29
"Golden State Warriors",47.8333333333333,2025-12-30
"Golden State Warriors",47.8333333333333,2025-12-31
"Golden State Warriors",47.5,2026-01-01
"Golden State Warriors",47.5,2026-01-02
"Golden State Warriors",46.5,2026-01-03
"Golden State Warriors",48,2026-01-04
"Golden State Warriors",48,2026-01-05
"Golden State Warriors",46.625,2026-01-06
"Golden State Warriors",46.875,2026-01-07
"Golden State Warriors",46.5,2026-01-08
"Golden State Warriors",46.5,2026-01-09
"Golden State Warriors",46.5,2026-01-10
"Golden State Warriors",46.5,2026-01-11
"Golden State Warriors",45.5,2026-01-12
"Golden State Warriors",45.875,2026-01-13
"Golden State Warriors",46.5,2026-01-14
"Golden State Warriors",46.3333333333333,2026-01-15
"Golden State Warriors",47,2026-01-16
"Golden State Warriors",48,2026-01-17
"Golden State Warriors",48,2026-01-18
"Golden State Warriors",47.5,2026-01-19
"Golden State Warriors",44.5,2026-01-20
"Golden State Warriors",45,2026-01-21
"Houston Rockets",52,2025-10-29
"Houston Rockets",52,2025-10-30
"Houston Rockets",52,2025-10-31
"Houston Rockets",52,2025-11-01
"Houston Rockets",51.5,2025-11-02
"Houston Rockets",51.6666666666667,2025-11-03
"Houston Rockets",51.6666666666667,2025-11-04
"Houston Rockets",51.6666666666667,2025-11-05
"Houston Rockets",52.875,2025-11-06
"Houston Rockets",52.875,2025-11-07
"Houston Rockets",52.6666666666667,2025-11-08
"Houston Rockets",52.75,2025-11-09
"Houston Rockets",53.3333333333333,2025-11-10
"Houston Rockets",53.6666666666667,2025-11-11
"Houston Rockets",53.375,2025-11-12
"Houston Rockets",54.5,2025-11-13
"Houston Rockets",54.5,2025-11-14
"Houston Rockets",54.5,2025-11-15
"Houston Rockets",54.5,2025-11-16
"Houston Rockets",55.75,2025-11-17
"Houston Rockets",55.875,2025-11-18
"Houston Rockets",56.125,2025-11-19
"Houston Rockets",56.5,2025-11-20
"Houston Rockets",56.5,2025-11-21
"Houston Rockets",56.5,2025-11-22
"Houston Rockets",57,2025-11-23
"Houston Rockets",57,2025-11-24
"Houston Rockets",56.5,2025-11-25
"Houston Rockets",57,2025-11-26
"Houston Rockets",59,2025-11-27
"Houston Rockets",59,2025-11-28
"Houston Rockets",59,2025-11-29
"Houston Rockets",59,2025-11-30
"Houston Rockets",59,2025-12-01
"Houston Rockets",58,2025-12-02
"Houston Rockets",58,2025-12-03
"Houston Rockets",57.8333333333333,2025-12-04
"Houston Rockets",57.8333333333333,2025-12-05
"Houston Rockets",57.8333333333333,2025-12-06
"Houston Rockets",57.8333333333333,2025-12-07
"Houston Rockets",56.5,2025-12-08
"Houston Rockets",56.5,2025-12-09
"Houston Rockets",56.5,2025-12-10
"Houston Rockets",56.5,2025-12-11
"Houston Rockets",57.5,2025-12-12
"Houston Rockets",57.6666666666667,2025-12-13
"Houston Rockets",57.6666666666667,2025-12-14
"Houston Rockets",57.6666666666667,2025-12-15
"Houston Rockets",57,2025-12-16
"Houston Rockets",56.8333333333333,2025-12-17
"Houston Rockets",57.3333333333333,2025-12-18
"Houston Rockets",56.8333333333333,2025-12-19
"Houston Rockets",56.8333333333333,2025-12-20
"Houston Rockets",56.8333333333333,2025-12-21
"Houston Rockets",56.5,2025-12-22
"Houston Rockets",56.5,2025-12-23
"Houston Rockets",55.5,2025-12-24
"Houston Rockets",55.5,2025-12-25
"Houston Rockets",56.5,2025-12-26
"Houston Rockets",57,2025-12-27
"Houston Rockets",57,2025-12-28
"Houston Rockets",56.5,2025-12-29
"Houston Rockets",56.5,2025-12-30
"Houston Rockets",56.5,2025-12-31
"Houston Rockets",56.5,2026-01-01
"Houston Rockets",56.5,2026-01-02
"Houston Rockets",56.5,2026-01-03
"Houston Rockets",56.25,2026-01-04
"Houston Rockets",55.875,2026-01-05
"Houston Rockets",55.5,2026-01-06
"Houston Rockets",55.5,2026-01-07
"Houston Rockets",56,2026-01-08
"Houston Rockets",56,2026-01-09
"Houston Rockets",55,2026-01-10
"Houston Rockets",55,2026-01-11
"Houston Rockets",52.875,2026-01-12
"Houston Rockets",52.875,2026-01-13
"Houston Rockets",52.5,2026-01-14
"Houston Rockets",53,2026-01-15
"Houston Rockets",52.5,2026-01-16
"Houston Rockets",52.5,2026-01-17
"Houston Rockets",53.25,2026-01-18
"Houston Rockets",52.5,2026-01-19
"Houston Rockets",52.5,2026-01-20
"Houston Rockets",54,2026-01-21
"Indiana Pacers",33.6666666666667,2025-10-29
"Indiana Pacers",32.5,2025-10-30
"Indiana Pacers",32.5,2025-10-31
"Indiana Pacers",32.5,2025-11-01
"Indiana Pacers",32.5,2025-11-02
"Indiana Pacers",32.5,2025-11-03
"Indiana Pacers",32.5,2025-11-04
"Indiana Pacers",32.5,2025-11-05
"Indiana Pacers",31.5,2025-11-06
"Indiana Pacers",31.5,2025-11-07
"Indiana Pacers",30.3333333333333,2025-11-08
"Indiana Pacers",30.5,2025-11-09
"Indiana Pacers",29.25,2025-11-10
"Indiana Pacers",29.3333333333333,2025-11-11
"Indiana Pacers",29.5,2025-11-12
"Indiana Pacers",29.5,2025-11-13
"Indiana Pacers",26.6666666666667,2025-11-14
"Indiana Pacers",25.1666666666667,2025-11-15
"Indiana Pacers",25.1666666666667,2025-11-16
"Indiana Pacers",25.5,2025-11-17
"Indiana Pacers",25,2025-11-18
"Indiana Pacers",25,2025-11-19
"Indiana Pacers",25.5,2025-11-20
"Indiana Pacers",25.5,2025-11-21
"Indiana Pacers",25.5,2025-11-22
"Indiana Pacers",25.5,2025-11-23
"Indiana Pacers",25.5,2025-11-24
"Indiana Pacers",24.5,2025-11-25
"Indiana Pacers",24.5,2025-11-26
"Indiana Pacers",23,2025-11-27
"Indiana Pacers",23,2025-11-28
"Indiana Pacers",23,2025-11-29
"Indiana Pacers",24.5,2025-11-30
"Indiana Pacers",24.25,2025-12-01
"Indiana Pacers",24,2025-12-02
"Indiana Pacers",24,2025-12-03
"Indiana Pacers",24.1666666666667,2025-12-04
"Indiana Pacers",24.1666666666667,2025-12-05
"Indiana Pacers",24.1666666666667,2025-12-06
"Indiana Pacers",24.1666666666667,2025-12-07
"Indiana Pacers",24.5,2025-12-08
"Indiana Pacers",24,2025-12-09
"Indiana Pacers",24,2025-12-10
"Indiana Pacers",24,2025-12-11
"Indiana Pacers",24,2025-12-12
"Indiana Pacers",24.1666666666667,2025-12-13
"Indiana Pacers",24.3333333333333,2025-12-14
"Indiana Pacers",23,2025-12-15
"Indiana Pacers",23,2025-12-16
"Indiana Pacers",23,2025-12-17
"Indiana Pacers",23,2025-12-18
"Indiana Pacers",23.1666666666667,2025-12-19
"Indiana Pacers",23.25,2025-12-20
"Indiana Pacers",23.25,2025-12-21
"Indiana Pacers",23.5,2025-12-22
"Indiana Pacers",22,2025-12-23
"Indiana Pacers",22.5,2025-12-24
"Indiana Pacers",22.5,2025-12-25
"Indiana Pacers",22.5,2025-12-26
"Indiana Pacers",22.5,2025-12-27
"Indiana Pacers",22.5,2025-12-28
"Indiana Pacers",21.5,2025-12-29
"Indiana Pacers",21.5,2025-12-30
"Indiana Pacers",21.5,2025-12-31
"Indiana Pacers",20.8333333333333,2026-01-01
"Indiana Pacers",20.3333333333333,2026-01-02
"Indiana Pacers",20,2026-01-03
"Indiana Pacers",20,2026-01-04
"Indiana Pacers",20.5,2026-01-05
"Indiana Pacers",19.8333333333333,2026-01-06
"Indiana Pacers",18,2026-01-07
"Indiana Pacers",18,2026-01-08
"Indiana Pacers",18,2026-01-09
"Indiana Pacers",19.5,2026-01-10
"Indiana Pacers",19.5,2026-01-11
"Indiana Pacers",19,2026-01-12
"Indiana Pacers",21.1666666666667,2026-01-13
"Indiana Pacers",21.1666666666667,2026-01-14
"Indiana Pacers",20,2026-01-15
"Indiana Pacers",20,2026-01-16
"Indiana Pacers",20,2026-01-17
"Indiana Pacers",20,2026-01-18
"Indiana Pacers",21.5,2026-01-19
"Indiana Pacers",21.5,2026-01-20
"Indiana Pacers",21.5,2026-01-21
"Los Angeles Clippers",48.1666666666667,2025-10-29
"Los Angeles Clippers",47.8333333333333,2025-10-30
"Los Angeles Clippers",47.3333333333333,2025-10-31
"Los Angeles Clippers",48.8333333333333,2025-11-01
"Los Angeles Clippers",48.8333333333333,2025-11-02
"Los Angeles Clippers",48.875,2025-11-03
"Los Angeles Clippers",47.5,2025-11-04
"Los Angeles Clippers",48,2025-11-05
"Los Angeles Clippers",47.8333333333333,2025-11-06
"Los Angeles Clippers",47,2025-11-07
"Los Angeles Clippers",46,2025-11-08
"Los Angeles Clippers",45.5,2025-11-09
"Los Angeles Clippers",45.5,2025-11-10
"Los Angeles Clippers",44.5,2025-11-11
"Los Angeles Clippers",44,2025-11-12
"Los Angeles Clippers",43.3333333333333,2025-11-13
"Los Angeles Clippers",43,2025-11-14
"Los Angeles Clippers",42.5,2025-11-15
"Los Angeles Clippers",43,2025-11-16
"Los Angeles Clippers",42.25,2025-11-17
"Los Angeles Clippers",42,2025-11-18
"Los Angeles Clippers",41.3333333333333,2025-11-19
"Los Angeles Clippers",40.6666666666667,2025-11-20
"Los Angeles Clippers",40,2025-11-21
"Los Angeles Clippers",40,2025-11-22
"Los Angeles Clippers",40,2025-11-23
"Los Angeles Clippers",40.5,2025-11-24
"Los Angeles Clippers",40,2025-11-25
"Los Angeles Clippers",40.5,2025-11-26
"Los Angeles Clippers",40,2025-11-27
"Los Angeles Clippers",39.8333333333333,2025-11-28
"Los Angeles Clippers",39.8333333333333,2025-11-29
"Los Angeles Clippers",39.8333333333333,2025-11-30
"Los Angeles Clippers",37.5,2025-12-01
"Los Angeles Clippers",35,2025-12-02
"Los Angeles Clippers",35,2025-12-03
"Los Angeles Clippers",36.5,2025-12-04
"Los Angeles Clippers",36.3333333333333,2025-12-05
"Los Angeles Clippers",36.3333333333333,2025-12-06
"Los Angeles Clippers",36.3333333333333,2025-12-07
"Los Angeles Clippers",35.5,2025-12-08
"Los Angeles Clippers",35.5,2025-12-09
"Los Angeles Clippers",35.5,2025-12-10
"Los Angeles Clippers",35.5,2025-12-11
"Los Angeles Clippers",34.5,2025-12-12
"Los Angeles Clippers",34.5,2025-12-13
"Los Angeles Clippers",34.5,2025-12-14
"Los Angeles Clippers",34.5,2025-12-15
"Los Angeles Clippers",33.75,2025-12-16
"Los Angeles Clippers",33.5,2025-12-17
"Los Angeles Clippers",33.3333333333333,2025-12-18
"Los Angeles Clippers",33.5,2025-12-19
"Los Angeles Clippers",33.5,2025-12-20
"Los Angeles Clippers",33.5,2025-12-21
"Los Angeles Clippers",32,2025-12-22
"Los Angeles Clippers",32.25,2025-12-23
"Los Angeles Clippers",32.75,2025-12-24
"Los Angeles Clippers",32.75,2025-12-25
"Los Angeles Clippers",33,2025-12-26
"Los Angeles Clippers",33,2025-12-27
"Los Angeles Clippers",33,2025-12-28
"Los Angeles Clippers",35,2025-12-29
"Los Angeles Clippers",36.3333333333333,2025-12-30
"Los Angeles Clippers",38.5,2025-12-31
"Los Angeles Clippers",38.5,2026-01-01
"Los Angeles Clippers",38.5,2026-01-02
"Los Angeles Clippers",38.5,2026-01-03
"Los Angeles Clippers",37,2026-01-04
"Los Angeles Clippers",37.1666666666667,2026-01-05
"Los Angeles Clippers",38,2026-01-06
"Los Angeles Clippers",38.1666666666667,2026-01-07
"Los Angeles Clippers",38.25,2026-01-08
"Los Angeles Clippers",38.25,2026-01-09
"Los Angeles Clippers",39.5,2026-01-10
"Los Angeles Clippers",39.5,2026-01-11
"Los Angeles Clippers",39,2026-01-12
"Los Angeles Clippers",40,2026-01-13
"Los Angeles Clippers",40,2026-01-14
"Los Angeles Clippers",42,2026-01-15
"Los Angeles Clippers",42,2026-01-16
"Los Angeles Clippers",42,2026-01-17
"Los Angeles Clippers",41.5,2026-01-18
"Los Angeles Clippers",41.5,2026-01-19
"Los Angeles Clippers",41.5,2026-01-20
"Los Angeles Clippers",40,2026-01-21
"Los Angeles Lakers",45.5,2025-10-29
"Los Angeles Lakers",46.6666666666667,2025-10-30
"Los Angeles Lakers",46.6666666666667,2025-10-31
"Los Angeles Lakers",47.6666666666667,2025-11-01
"Los Angeles Lakers",47.6666666666667,2025-11-02
"Los Angeles Lakers",48.5,2025-11-03
"Los Angeles Lakers",50,2025-11-04
"Los Angeles Lakers",49.625,2025-11-05
"Los Angeles Lakers",49.8333333333333,2025-11-06
"Los Angeles Lakers",49.6666666666667,2025-11-07
"Los Angeles Lakers",50.1666666666667,2025-11-08
"Los Angeles Lakers",50,2025-11-09
"Los Angeles Lakers",49.6666666666667,2025-11-10
"Los Angeles Lakers",50,2025-11-11
"Los Angeles Lakers",50.8333333333333,2025-11-12
"Los Angeles Lakers",51.8333333333333,2025-11-13
"Los Angeles Lakers",52,2025-11-14
"Los Angeles Lakers",51.5,2025-11-15
"Los Angeles Lakers",51.5,2025-11-16
"Los Angeles Lakers",51.5,2025-11-17
"Los Angeles Lakers",52.5,2025-11-18
"Los Angeles Lakers",52.5,2025-11-19
"Los Angeles Lakers",52.5,2025-11-20
"Los Angeles Lakers",52.3333333333333,2025-11-21
"Los Angeles Lakers",53,2025-11-22
"Los Angeles Lakers",52.25,2025-11-23
"Los Angeles Lakers",53,2025-11-24
"Los Angeles Lakers",53.1666666666667,2025-11-25
"Los Angeles Lakers",52.5,2025-11-26
"Los Angeles Lakers",52.5,2025-11-27
"Los Angeles Lakers",54.75,2025-11-28
"Los Angeles Lakers",54.75,2025-11-29
"Los Angeles Lakers",54.75,2025-11-30
"Los Angeles Lakers",56,2025-12-01
"Los Angeles Lakers",54.5,2025-12-02
"Los Angeles Lakers",54.5,2025-12-03
"Los Angeles Lakers",54.5,2025-12-04
"Los Angeles Lakers",54.5,2025-12-05
"Los Angeles Lakers",54.5,2025-12-06
"Los Angeles Lakers",55,2025-12-07
"Los Angeles Lakers",54.75,2025-12-08
"Los Angeles Lakers",55,2025-12-09
"Los Angeles Lakers",54.8333333333333,2025-12-10
"Los Angeles Lakers",53.5,2025-12-11
"Los Angeles Lakers",53.5,2025-12-12
"Los Angeles Lakers",53.6666666666667,2025-12-13
"Los Angeles Lakers",53.6666666666667,2025-12-14
"Los Angeles Lakers",53.5,2025-12-15
"Los Angeles Lakers",53.5,2025-12-16
"Los Angeles Lakers",53.5,2025-12-17
"Los Angeles Lakers",53.5,2025-12-18
"Los Angeles Lakers",53.5,2025-12-19
"Los Angeles Lakers",53.5,2025-12-20
"Los Angeles Lakers",53.5,2025-12-21
"Los Angeles Lakers",53.5,2025-12-22
"Los Angeles Lakers",53.75,2025-12-23
"Los Angeles Lakers",53,2025-12-24
"Los Angeles Lakers",53,2025-12-25
"Los Angeles Lakers",51.5,2025-12-26
"Los Angeles Lakers",51.5,2025-12-27
"Los Angeles Lakers",51.5,2025-12-28
"Los Angeles Lakers",49.5,2025-12-29
"Los Angeles Lakers",49.5,2025-12-30
"Los Angeles Lakers",50,2025-12-31
"Los Angeles Lakers",50,2026-01-01
"Los Angeles Lakers",50,2026-01-02
"Los Angeles Lakers",49.5,2026-01-03
"Los Angeles Lakers",49.5,2026-01-04
"Los Angeles Lakers",49.5,2026-01-05
"Los Angeles Lakers",49.6666666666667,2026-01-06
"Los Angeles Lakers",49.5,2026-01-07
"Los Angeles Lakers",49.5,2026-01-08
"Los Angeles Lakers",49.5,2026-01-09
"Los Angeles Lakers",48.5,2026-01-10
"Los Angeles Lakers",48.5,2026-01-11
"Los Angeles Lakers",48.375,2026-01-12
"Los Angeles Lakers",48,2026-01-13
"Los Angeles Lakers",47.5,2026-01-14
"Los Angeles Lakers",47.6666666666667,2026-01-15
"Los Angeles Lakers",46.8333333333333,2026-01-16
"Los Angeles Lakers",47,2026-01-17
"Los Angeles Lakers",47,2026-01-18
"Los Angeles Lakers",46.5,2026-01-19
"Los Angeles Lakers",46.5,2026-01-20
"Los Angeles Lakers",47.5,2026-01-21
"Memphis Grizzlies",43.375,2025-10-29
"Memphis Grizzlies",42.625,2025-10-30
"Memphis Grizzlies",39.3333333333333,2025-10-31
"Memphis Grizzlies",36.5,2025-11-01
"Memphis Grizzlies",36.5,2025-11-02
"Memphis Grizzlies",35.5,2025-11-03
"Memphis Grizzlies",35.8333333333333,2025-11-04
"Memphis Grizzlies",35.8333333333333,2025-11-05
"Memphis Grizzlies",35.5,2025-11-06
"Memphis Grizzlies",35.5,2025-11-07
"Memphis Grizzlies",35.5,2025-11-08
"Memphis Grizzlies",34.75,2025-11-09
"Memphis Grizzlies",34.5,2025-11-10
"Memphis Grizzlies",33.75,2025-11-11
"Memphis Grizzlies",33.1666666666667,2025-11-12
"Memphis Grizzlies",33.1666666666667,2025-11-13
"Memphis Grizzlies",33.5,2025-11-14
"Memphis Grizzlies",33.3333333333333,2025-11-15
"Memphis Grizzlies",33.3333333333333,2025-11-16
"Memphis Grizzlies",33.5,2025-11-17
"Memphis Grizzlies",31,2025-11-18
"Memphis Grizzlies",31.5,2025-11-19
"Memphis Grizzlies",31.5,2025-11-20
"Memphis Grizzlies",31,2025-11-21
"Memphis Grizzlies",31,2025-11-22
"Memphis Grizzlies",31,2025-11-23
"Memphis Grizzlies",32.5,2025-11-24
"Memphis Grizzlies",32,2025-11-25
"Memphis Grizzlies",32,2025-11-26
"Memphis Grizzlies",32,2025-11-27
"Memphis Grizzlies",32,2025-11-28
"Memphis Grizzlies",32,2025-11-29
"Memphis Grizzlies",32,2025-11-30
"Memphis Grizzlies",33.75,2025-12-01
"Memphis Grizzlies",34.3333333333333,2025-12-02
"Memphis Grizzlies",33,2025-12-03
"Memphis Grizzlies",33,2025-12-04
"Memphis Grizzlies",33,2025-12-05
"Memphis Grizzlies",33,2025-12-06
"Memphis Grizzlies",33,2025-12-07
"Memphis Grizzlies",34,2025-12-08
"Memphis Grizzlies",34,2025-12-09
"Memphis Grizzlies",34,2025-12-10
"Memphis Grizzlies",34.1666666666667,2025-12-11
"Memphis Grizzlies",34.25,2025-12-12
"Memphis Grizzlies",33,2025-12-13
"Memphis Grizzlies",33,2025-12-14
"Memphis Grizzlies",33,2025-12-15
"Memphis Grizzlies",33.75,2025-12-16
"Memphis Grizzlies",34,2025-12-17
"Memphis Grizzlies",35.5,2025-12-18
"Memphis Grizzlies",35.3333333333333,2025-12-19
"Memphis Grizzlies",35.25,2025-12-20
"Memphis Grizzlies",35.25,2025-12-21
"Memphis Grizzlies",36.5,2025-12-22
"Memphis Grizzlies",36.5,2025-12-23
"Memphis Grizzlies",36.5,2025-12-24
"Memphis Grizzlies",36.5,2025-12-25
"Memphis Grizzlies",36.5,2025-12-26
"Memphis Grizzlies",36.5,2025-12-27
"Memphis Grizzlies",36.5,2025-12-28
"Memphis Grizzlies",36.5,2025-12-29
"Memphis Grizzlies",36.5,2025-12-30
"Memphis Grizzlies",36.5,2025-12-31
"Memphis Grizzlies",36.5,2026-01-01
"Memphis Grizzlies",36.5,2026-01-02
"Memphis Grizzlies",36.5,2026-01-03
"Memphis Grizzlies",36.5,2026-01-04
"Memphis Grizzlies",35.25,2026-01-05
"Memphis Grizzlies",35.3333333333333,2026-01-06
"Memphis Grizzlies",35,2026-01-07
"Memphis Grizzlies",35.5,2026-01-08
"Memphis Grizzlies",35.5,2026-01-09
"Memphis Grizzlies",35.5,2026-01-10
"Memphis Grizzlies",35.5,2026-01-11
"Memphis Grizzlies",35.5,2026-01-12
"Memphis Grizzlies",35,2026-01-13
"Memphis Grizzlies",34.75,2026-01-14
"Memphis Grizzlies",34.75,2026-01-15
"Memphis Grizzlies",33.5,2026-01-16
"Memphis Grizzlies",33.5,2026-01-17
"Memphis Grizzlies",33.5,2026-01-18
"Memphis Grizzlies",34.5,2026-01-19
"Memphis Grizzlies",34.5,2026-01-20
"Memphis Grizzlies",34.5,2026-01-21
"Miami Heat",40.3333333333333,2025-10-29
"Miami Heat",40.3333333333333,2025-10-30
"Miami Heat",42.5,2025-10-31
"Miami Heat",42.75,2025-11-01
"Miami Heat",42.75,2025-11-02
"Miami Heat",41.5,2025-11-03
"Miami Heat",41.5,2025-11-04
"Miami Heat",41.8333333333333,2025-11-05
"Miami Heat",42.5,2025-11-06
"Miami Heat",42.6666666666667,2025-11-07
"Miami Heat",42.75,2025-11-08
"Miami Heat",43,2025-11-09
"Miami Heat",42.6666666666667,2025-11-10
"Miami Heat",43.75,2025-11-11
"Miami Heat",43.8333333333333,2025-11-12
"Miami Heat",43.5,2025-11-13
"Miami Heat",43.5,2025-11-14
"Miami Heat",43.8333333333333,2025-11-15
"Miami Heat",44,2025-11-16
"Miami Heat",43.6666666666667,2025-11-17
"Miami Heat",45,2025-11-18
"Miami Heat",44.8333333333333,2025-11-19
"Miami Heat",45.5,2025-11-20
"Miami Heat",46,2025-11-21
"Miami Heat",46,2025-11-22
"Miami Heat",46,2025-11-23
"Miami Heat",46,2025-11-24
"Miami Heat",47,2025-11-25
"Miami Heat",47,2025-11-26
"Miami Heat",47.25,2025-11-27
"Miami Heat",47.25,2025-11-28
"Miami Heat",47.25,2025-11-29
"Miami Heat",47.25,2025-11-30
"Miami Heat",47.5,2025-12-01
"Miami Heat",49,2025-12-02
"Miami Heat",49,2025-12-03
"Miami Heat",47.5,2025-12-04
"Miami Heat",48,2025-12-05
"Miami Heat",48,2025-12-06
"Miami Heat",48,2025-12-07
"Miami Heat",47.5,2025-12-08
"Miami Heat",47.5,2025-12-09
"Miami Heat",46.5,2025-12-10
"Miami Heat",47,2025-12-11
"Miami Heat",47,2025-12-12
"Miami Heat",47,2025-12-13
"Miami Heat",47,2025-12-14
"Miami Heat",47,2025-12-15
"Miami Heat",46.5,2025-12-16
"Miami Heat",46.5,2025-12-17
"Miami Heat",46.5,2025-12-18
"Miami Heat",46.5,2025-12-19
"Miami Heat",46.75,2025-12-20
"Miami Heat",46.75,2025-12-21
"Miami Heat",44.5,2025-12-22
"Miami Heat",44.5,2025-12-23
"Miami Heat",45,2025-12-24
"Miami Heat",45,2025-12-25
"Miami Heat",44.3333333333333,2025-12-26
"Miami Heat",44.3333333333333,2025-12-27
"Miami Heat",44.3333333333333,2025-12-28
"Miami Heat",44.75,2025-12-29
"Miami Heat",44.5,2025-12-30
"Miami Heat",44.5,2025-12-31
"Miami Heat",44.5,2026-01-01
"Miami Heat",46.25,2026-01-02
"Miami Heat",47,2026-01-03
"Miami Heat",47,2026-01-04
"Miami Heat",45.5,2026-01-05
"Miami Heat",45.6666666666667,2026-01-06
"Miami Heat",44.5,2026-01-07
"Miami Heat",45,2026-01-08
"Miami Heat",44.5,2026-01-09
"Miami Heat",45.5,2026-01-10
"Miami Heat",45.5,2026-01-11
"Miami Heat",45.5,2026-01-12
"Miami Heat",45.5,2026-01-13
"Miami Heat",47,2026-01-14
"Miami Heat",46.25,2026-01-15
"Miami Heat",46,2026-01-16
"Miami Heat",46,2026-01-17
"Miami Heat",46,2026-01-18
"Miami Heat",45.5,2026-01-19
"Miami Heat",46,2026-01-20
"Miami Heat",46,2026-01-21
"Milwaukee Bucks",44.1666666666667,2025-10-29
"Milwaukee Bucks",44.5,2025-10-30
"Milwaukee Bucks",46.25,2025-10-31
"Milwaukee Bucks",46.25,2025-11-01
"Milwaukee Bucks",47,2025-11-02
"Milwaukee Bucks",46.8333333333333,2025-11-03
"Milwaukee Bucks",46.5,2025-11-04
"Milwaukee Bucks",46.8333333333333,2025-11-05
"Milwaukee Bucks",46.8333333333333,2025-11-06
"Milwaukee Bucks",46.8333333333333,2025-11-07
"Milwaukee Bucks",46.5,2025-11-08
"Milwaukee Bucks",46.5,2025-11-09
"Milwaukee Bucks",45.5,2025-11-10
"Milwaukee Bucks",47,2025-11-11
"Milwaukee Bucks",46.8333333333333,2025-11-12
"Milwaukee Bucks",45.5,2025-11-13
"Milwaukee Bucks",45.5,2025-11-14
"Milwaukee Bucks",46.8333333333333,2025-11-15
"Milwaukee Bucks",46.8333333333333,2025-11-16
"Milwaukee Bucks",47,2025-11-17
"Milwaukee Bucks",44.5,2025-11-18
"Milwaukee Bucks",43.8333333333333,2025-11-19
"Milwaukee Bucks",43.8333333333333,2025-11-20
"Milwaukee Bucks",43,2025-11-21
"Milwaukee Bucks",43,2025-11-22
"Milwaukee Bucks",42.5,2025-11-23
"Milwaukee Bucks",42.5,2025-11-24
"Milwaukee Bucks",42.3333333333333,2025-11-25
"Milwaukee Bucks",41.8333333333333,2025-11-26
"Milwaukee Bucks",42,2025-11-27
"Milwaukee Bucks",42,2025-11-28
"Milwaukee Bucks",41.5,2025-11-29
"Milwaukee Bucks",41.5,2025-11-30
"Milwaukee Bucks",41.5,2025-12-01
"Milwaukee Bucks",40,2025-12-02
"Milwaukee Bucks",40,2025-12-03
"Milwaukee Bucks",40,2025-12-04
"Milwaukee Bucks",40,2025-12-05
"Milwaukee Bucks",40,2025-12-06
"Milwaukee Bucks",40,2025-12-07
"Milwaukee Bucks",40,2025-12-08
"Milwaukee Bucks",40,2025-12-09
"Milwaukee Bucks",40,2025-12-10
"Milwaukee Bucks",40,2025-12-11
"Milwaukee Bucks",40,2025-12-12
"Milwaukee Bucks",40,2025-12-13
"Milwaukee Bucks",40,2025-12-14
"Milwaukee Bucks",40,2025-12-15
"Milwaukee Bucks",40,2025-12-16
"Milwaukee Bucks",40,2025-12-17
"Milwaukee Bucks",40,2025-12-18
"Milwaukee Bucks",40,2025-12-19
"Milwaukee Bucks",40,2025-12-20
"Milwaukee Bucks",40,2025-12-21
"Milwaukee Bucks",40,2025-12-22
"Milwaukee Bucks",40,2025-12-23
"Milwaukee Bucks",40,2025-12-24
"Milwaukee Bucks",40,2025-12-25
"Milwaukee Bucks",40,2025-12-26
"Milwaukee Bucks",40,2025-12-27
"Milwaukee Bucks",40,2025-12-28
"Milwaukee Bucks",35.5,2025-12-29
"Milwaukee Bucks",35,2025-12-30
"Milwaukee Bucks",35,2025-12-31
"Milwaukee Bucks",36,2026-01-01
"Milwaukee Bucks",36,2026-01-02
"Milwaukee Bucks",36,2026-01-03
"Milwaukee Bucks",36,2026-01-04
"Milwaukee Bucks",36,2026-01-05
"Milwaukee Bucks",37.5,2026-01-06
"Milwaukee Bucks",37.5,2026-01-07
"Milwaukee Bucks",36,2026-01-08
"Milwaukee Bucks",36,2026-01-09
"Milwaukee Bucks",36,2026-01-10
"Milwaukee Bucks",36,2026-01-11
"Milwaukee Bucks",37.5,2026-01-12
"Milwaukee Bucks",37.5,2026-01-13
"Milwaukee Bucks",37.5,2026-01-14
"Milwaukee Bucks",37.5,2026-01-15
"Milwaukee Bucks",34.1666666666667,2026-01-16
"Milwaukee Bucks",34,2026-01-17
"Milwaukee Bucks",34.25,2026-01-18
"Milwaukee Bucks",34.25,2026-01-19
"Milwaukee Bucks",35.3333333333333,2026-01-20
"Milwaukee Bucks",35.1666666666667,2026-01-21
"Minnesota Timberwolves",48.5,2025-10-29
"Minnesota Timberwolves",47.8333333333333,2025-10-30
"Minnesota Timberwolves",47.8333333333333,2025-10-31
"Minnesota Timberwolves",47.8333333333333,2025-11-01
"Minnesota Timberwolves",47.5,2025-11-02
"Minnesota Timberwolves",47.5,2025-11-03
"Minnesota Timberwolves",49,2025-11-04
"Minnesota Timberwolves",49,2025-11-05
"Minnesota Timberwolves",49,2025-11-06
"Minnesota Timberwolves",49,2025-11-07
"Minnesota Timberwolves",48.25,2025-11-08
"Minnesota Timberwolves",48.25,2025-11-09
"Minnesota Timberwolves",49,2025-11-10
"Minnesota Timberwolves",48.5,2025-11-11
"Minnesota Timberwolves",48.5,2025-11-12
"Minnesota Timberwolves",48.5,2025-11-13
"Minnesota Timberwolves",48.5,2025-11-14
"Minnesota Timberwolves",49.75,2025-11-15
"Minnesota Timberwolves",50,2025-11-16
"Minnesota Timberwolves",50,2025-11-17
"Minnesota Timberwolves",50,2025-11-18
"Minnesota Timberwolves",49.625,2025-11-19
"Minnesota Timberwolves",50,2025-11-20
"Minnesota Timberwolves",50,2025-11-21
"Minnesota Timberwolves",50,2025-11-22
"Minnesota Timberwolves",50,2025-11-23
"Minnesota Timberwolves",49.8333333333333,2025-11-24
"Minnesota Timberwolves",49.5,2025-11-25
"Minnesota Timberwolves",49.5,2025-11-26
"Minnesota Timberwolves",48.5,2025-11-27
"Minnesota Timberwolves",48.5,2025-11-28
"Minnesota Timberwolves",48.5,2025-11-29
"Minnesota Timberwolves",48.5,2025-11-30
"Minnesota Timberwolves",50,2025-12-01
"Minnesota Timberwolves",49.875,2025-12-02
"Minnesota Timberwolves",50.875,2025-12-03
"Minnesota Timberwolves",50.875,2025-12-04
"Minnesota Timberwolves",50.5,2025-12-05
"Minnesota Timberwolves",50.5,2025-12-06
"Minnesota Timberwolves",50.5,2025-12-07
"Minnesota Timberwolves",50.5,2025-12-08
"Minnesota Timberwolves",49.875,2025-12-09
"Minnesota Timberwolves",49.875,2025-12-10
"Minnesota Timberwolves",49.875,2025-12-11
"Minnesota Timberwolves",49.875,2025-12-12
"Minnesota Timberwolves",50.625,2025-12-13
"Minnesota Timberwolves",50.75,2025-12-14
"Minnesota Timberwolves",50.5,2025-12-15
"Minnesota Timberwolves",50.5,2025-12-16
"Minnesota Timberwolves",50.5,2025-12-17
"Minnesota Timberwolves",49.5,2025-12-18
"Minnesota Timberwolves",49.5,2025-12-19
"Minnesota Timberwolves",51.5,2025-12-20
"Minnesota Timberwolves",51.5,2025-12-21
"Minnesota Timberwolves",50.5,2025-12-22
"Minnesota Timberwolves",50.5,2025-12-23
"Minnesota Timberwolves",51.5,2025-12-24
"Minnesota Timberwolves",50.5,2025-12-25
"Minnesota Timberwolves",50,2025-12-26
"Minnesota Timberwolves",50,2025-12-27
"Minnesota Timberwolves",51,2025-12-28
"Minnesota Timberwolves",50,2025-12-29
"Minnesota Timberwolves",49.5,2025-12-30
"Minnesota Timberwolves",49.5,2025-12-31
"Minnesota Timberwolves",50,2026-01-01
"Minnesota Timberwolves",50,2026-01-02
"Minnesota Timberwolves",50,2026-01-03
"Minnesota Timberwolves",51,2026-01-04
"Minnesota Timberwolves",51,2026-01-05
"Minnesota Timberwolves",51,2026-01-06
"Minnesota Timberwolves",50.875,2026-01-07
"Minnesota Timberwolves",50.875,2026-01-08
"Minnesota Timberwolves",50.75,2026-01-09
"Minnesota Timberwolves",50.75,2026-01-10
"Minnesota Timberwolves",51,2026-01-11
"Minnesota Timberwolves",51.25,2026-01-12
"Minnesota Timberwolves",51.5,2026-01-13
"Minnesota Timberwolves",52.75,2026-01-14
"Minnesota Timberwolves",52.75,2026-01-15
"Minnesota Timberwolves",52.5,2026-01-16
"Minnesota Timberwolves",52.5,2026-01-17
"Minnesota Timberwolves",52.5,2026-01-18
"Minnesota Timberwolves",52.25,2026-01-19
"Minnesota Timberwolves",52,2026-01-20
"Minnesota Timberwolves",52,2026-01-21
"New Orleans Pelicans",29.625,2025-10-29
"New Orleans Pelicans",29.6666666666667,2025-10-30
"New Orleans Pelicans",29.5,2025-10-31
"New Orleans Pelicans",29.8333333333333,2025-11-01
"New Orleans Pelicans",29.5,2025-11-02
"New Orleans Pelicans",29.5,2025-11-03
"New Orleans Pelicans",29,2025-11-04
"New Orleans Pelicans",29.5,2025-11-05
"New Orleans Pelicans",30.25,2025-11-06
"New Orleans Pelicans",30.25,2025-11-07
"New Orleans Pelicans",29,2025-11-08
"New Orleans Pelicans",28.5,2025-11-09
"New Orleans Pelicans",27.8333333333333,2025-11-10
"New Orleans Pelicans",27.5,2025-11-11
"New Orleans Pelicans",27.5,2025-11-12
"New Orleans Pelicans",26.1666666666667,2025-11-13
"New Orleans Pelicans",26.3333333333333,2025-11-14
"New Orleans Pelicans",26,2025-11-15
"New Orleans Pelicans",26.5,2025-11-16
"New Orleans Pelicans",24.5,2025-11-17
"New Orleans Pelicans",24.5,2025-11-18
"New Orleans Pelicans",24.5,2025-11-19
"New Orleans Pelicans",23.1666666666667,2025-11-20
"New Orleans Pelicans",23.1666666666667,2025-11-21
"New Orleans Pelicans",23.1666666666667,2025-11-22
"New Orleans Pelicans",23.1666666666667,2025-11-23
"New Orleans Pelicans",23.5,2025-11-24
"New Orleans Pelicans",23.1666666666667,2025-11-25
"New Orleans Pelicans",23.1666666666667,2025-11-26
"New Orleans Pelicans",23.5,2025-11-27
"New Orleans Pelicans",23.5,2025-11-28
"New Orleans Pelicans",23.5,2025-11-29
"New Orleans Pelicans",23.5,2025-11-30
"New Orleans Pelicans",23.5,2025-12-01
"New Orleans Pelicans",23.5,2025-12-02
"New Orleans Pelicans",21,2025-12-03
"New Orleans Pelicans",21,2025-12-04
"New Orleans Pelicans",21.1666666666667,2025-12-05
"New Orleans Pelicans",21,2025-12-06
"New Orleans Pelicans",21,2025-12-07
"New Orleans Pelicans",21.5,2025-12-08
"New Orleans Pelicans",20.5,2025-12-09
"New Orleans Pelicans",20.5,2025-12-10
"New Orleans Pelicans",20.5,2025-12-11
"New Orleans Pelicans",21.5,2025-12-12
"New Orleans Pelicans",21.5,2025-12-13
"New Orleans Pelicans",21.8333333333333,2025-12-14
"New Orleans Pelicans",22,2025-12-15
"New Orleans Pelicans",22,2025-12-16
"New Orleans Pelicans",22,2025-12-17
"New Orleans Pelicans",22,2025-12-18
"New Orleans Pelicans",23.6666666666667,2025-12-19
"New Orleans Pelicans",24.5,2025-12-20
"New Orleans Pelicans",24.5,2025-12-21
"New Orleans Pelicans",25.5,2025-12-22
"New Orleans Pelicans",27.25,2025-12-23
"New Orleans Pelicans",27,2025-12-24
"New Orleans Pelicans",27,2025-12-25
"New Orleans Pelicans",27,2025-12-26
"New Orleans Pelicans",27,2025-12-27
"New Orleans Pelicans",27,2025-12-28
"New Orleans Pelicans",26.5,2025-12-29
"New Orleans Pelicans",25,2025-12-30
"New Orleans Pelicans",25,2025-12-31
"New Orleans Pelicans",25.5,2026-01-01
"New Orleans Pelicans",25.5,2026-01-02
"New Orleans Pelicans",24,2026-01-03
"New Orleans Pelicans",24.75,2026-01-04
"New Orleans Pelicans",24,2026-01-05
"New Orleans Pelicans",24.3333333333333,2026-01-06
"New Orleans Pelicans",23.5,2026-01-07
"New Orleans Pelicans",23,2026-01-08
"New Orleans Pelicans",23,2026-01-09
"New Orleans Pelicans",23,2026-01-10
"New Orleans Pelicans",23,2026-01-11
"New Orleans Pelicans",23.5,2026-01-12
"New Orleans Pelicans",23.5,2026-01-13
"New Orleans Pelicans",22,2026-01-14
"New Orleans Pelicans",22,2026-01-15
"New Orleans Pelicans",22,2026-01-16
"New Orleans Pelicans",22,2026-01-17
"New Orleans Pelicans",22.5,2026-01-18
"New Orleans Pelicans",22.5,2026-01-19
"New Orleans Pelicans",22.5,2026-01-20
"New Orleans Pelicans",22.5,2026-01-21
"New York Knicks",51.5,2025-10-29
"New York Knicks",51.5,2025-10-30
"New York Knicks",51.5,2025-10-31
"New York Knicks",50.5,2025-11-01
"New York Knicks",50.5,2025-11-02
"New York Knicks",50.5,2025-11-03
"New York Knicks",51.8333333333333,2025-11-04
"New York Knicks",51.8333333333333,2025-11-05
"New York Knicks",52,2025-11-06
"New York Knicks",52,2025-11-07
"New York Knicks",52,2025-11-08
"New York Knicks",52,2025-11-09
"New York Knicks",51.75,2025-11-10
"New York Knicks",51.6666666666667,2025-11-11
"New York Knicks",51.8333333333333,2025-11-12
"New York Knicks",51.5,2025-11-13
"New York Knicks",51.5,2025-11-14
"New York Knicks",51.5,2025-11-15
"New York Knicks",51.5,2025-11-16
"New York Knicks",51.5,2025-11-17
"New York Knicks",51.8333333333333,2025-11-18
"New York Knicks",51.6666666666667,2025-11-19
"New York Knicks",51.5,2025-11-20
"New York Knicks",51.5,2025-11-21
"New York Knicks",51.5,2025-11-22
"New York Knicks",51.5,2025-11-23
"New York Knicks",51.75,2025-11-24
"New York Knicks",51.5,2025-11-25
"New York Knicks",51.6666666666667,2025-11-26
"New York Knicks",52.25,2025-11-27
"New York Knicks",52.25,2025-11-28
"New York Knicks",54,2025-11-29
"New York Knicks",53.25,2025-11-30
"New York Knicks",53,2025-12-01
"New York Knicks",53,2025-12-02
"New York Knicks",51.5,2025-12-03
"New York Knicks",51.5,2025-12-04
"New York Knicks",51.5,2025-12-05
"New York Knicks",51.5,2025-12-06
"New York Knicks",51.5,2025-12-07
"New York Knicks",54,2025-12-08
"New York Knicks",54.5,2025-12-09
"New York Knicks",54.5,2025-12-10
"New York Knicks",54.375,2025-12-11
"New York Knicks",54.75,2025-12-12
"New York Knicks",54.375,2025-12-13
"New York Knicks",55.75,2025-12-14
"New York Knicks",55.5,2025-12-15
"New York Knicks",55.5,2025-12-16
"New York Knicks",55.5,2025-12-17
"New York Knicks",55.5,2025-12-18
"New York Knicks",55.5,2025-12-19
"New York Knicks",55.75,2025-12-20
"New York Knicks",55.75,2025-12-21
"New York Knicks",55.5,2025-12-22
"New York Knicks",56,2025-12-23
"New York Knicks",54.5,2025-12-24
"New York Knicks",54.5,2025-12-25
"New York Knicks",54.6666666666667,2025-12-26
"New York Knicks",54.25,2025-12-27
"New York Knicks",54.25,2025-12-28
"New York Knicks",56.5,2025-12-29
"New York Knicks",56.5,2025-12-30
"New York Knicks",56.5,2025-12-31
"New York Knicks",56.5,2026-01-01
"New York Knicks",56.5,2026-01-02
"New York Knicks",57,2026-01-03
"New York Knicks",56,2026-01-04
"New York Knicks",56,2026-01-05
"New York Knicks",54.5,2026-01-06
"New York Knicks",54.8333333333333,2026-01-07
"New York Knicks",54.5,2026-01-08
"New York Knicks",54.5,2026-01-09
"New York Knicks",53.5,2026-01-10
"New York Knicks",53.5,2026-01-11
"New York Knicks",53.5,2026-01-12
"New York Knicks",53.5,2026-01-13
"New York Knicks",53.5,2026-01-14
"New York Knicks",53,2026-01-15
"New York Knicks",51.5,2026-01-16
"New York Knicks",51.5,2026-01-17
"New York Knicks",51.5,2026-01-18
"New York Knicks",52,2026-01-19
"New York Knicks",49.5,2026-01-20
"New York Knicks",49.5,2026-01-21
"Oklahoma City Thunder",64,2025-10-29
"Oklahoma City Thunder",64,2025-10-30
"Oklahoma City Thunder",63.5,2025-10-31
"Oklahoma City Thunder",63.5,2025-11-01
"Oklahoma City Thunder",63.5,2025-11-02
"Oklahoma City Thunder",63.5,2025-11-03
"Oklahoma City Thunder",64.5,2025-11-04
"Oklahoma City Thunder",64.8333333333333,2025-11-05
"Oklahoma City Thunder",64.6666666666667,2025-11-06
"Oklahoma City Thunder",64.8333333333333,2025-11-07
"Oklahoma City Thunder",64.75,2025-11-08
"Oklahoma City Thunder",64,2025-11-09
"Oklahoma City Thunder",64.75,2025-11-10
"Oklahoma City Thunder",64.6666666666667,2025-11-11
"Oklahoma City Thunder",65.5,2025-11-12
"Oklahoma City Thunder",65.3333333333333,2025-11-13
"Oklahoma City Thunder",65.6666666666667,2025-11-14
"Oklahoma City Thunder",65.5,2025-11-15
"Oklahoma City Thunder",65.5,2025-11-16
"Oklahoma City Thunder",65.5,2025-11-17
"Oklahoma City Thunder",66.8333333333333,2025-11-18
"Oklahoma City Thunder",66.8333333333333,2025-11-19
"Oklahoma City Thunder",66.5,2025-11-20
"Oklahoma City Thunder",66.5,2025-11-21
"Oklahoma City Thunder",66.5,2025-11-22
"Oklahoma City Thunder",66.5,2025-11-23
"Oklahoma City Thunder",67.5,2025-11-24
"Oklahoma City Thunder",67.5,2025-11-25
"Oklahoma City Thunder",67.5,2025-11-26
"Oklahoma City Thunder",68.5,2025-11-27
"Oklahoma City Thunder",68.5,2025-11-28
"Oklahoma City Thunder",68.5,2025-11-29
"Oklahoma City Thunder",68.5,2025-11-30
"Oklahoma City Thunder",69,2025-12-01
"Oklahoma City Thunder",69.5,2025-12-02
"Oklahoma City Thunder",69.8333333333333,2025-12-03
"Oklahoma City Thunder",69.6666666666667,2025-12-04
"Oklahoma City Thunder",69.6666666666667,2025-12-05
"Oklahoma City Thunder",69.6666666666667,2025-12-06
"Oklahoma City Thunder",69.5,2025-12-07
"Oklahoma City Thunder",69.5,2025-12-08
"Oklahoma City Thunder",70,2025-12-09
"Oklahoma City Thunder",70,2025-12-10
"Oklahoma City Thunder",72,2025-12-11
"Oklahoma City Thunder",72,2025-12-12
"Oklahoma City Thunder",72,2025-12-13
"Oklahoma City Thunder",70.5,2025-12-14
"Oklahoma City Thunder",70.75,2025-12-15
"Oklahoma City Thunder",70.75,2025-12-16
"Oklahoma City Thunder",70.8333333333333,2025-12-17
"Oklahoma City Thunder",70.8333333333333,2025-12-18
"Oklahoma City Thunder",70.5,2025-12-19
"Oklahoma City Thunder",70.25,2025-12-20
"Oklahoma City Thunder",70.25,2025-12-21
"Oklahoma City Thunder",70,2025-12-22
"Oklahoma City Thunder",69.5,2025-12-23
"Oklahoma City Thunder",70,2025-12-24
"Oklahoma City Thunder",70,2025-12-25
"Oklahoma City Thunder",69,2025-12-26
"Oklahoma City Thunder",69,2025-12-27
"Oklahoma City Thunder",69,2025-12-28
"Oklahoma City Thunder",68.25,2025-12-29
"Oklahoma City Thunder",69,2025-12-30
"Oklahoma City Thunder",69,2025-12-31
"Oklahoma City Thunder",69,2026-01-01
"Oklahoma City Thunder",69,2026-01-02
"Oklahoma City Thunder",69,2026-01-03
"Oklahoma City Thunder",68.5,2026-01-04
"Oklahoma City Thunder",67.5,2026-01-05
"Oklahoma City Thunder",66.5,2026-01-06
"Oklahoma City Thunder",66.5,2026-01-07
"Oklahoma City Thunder",67,2026-01-08
"Oklahoma City Thunder",67,2026-01-09
"Oklahoma City Thunder",66.5,2026-01-10
"Oklahoma City Thunder",66.5,2026-01-11
"Oklahoma City Thunder",67,2026-01-12
"Oklahoma City Thunder",67,2026-01-13
"Oklahoma City Thunder",67,2026-01-14
"Oklahoma City Thunder",66.75,2026-01-15
"Oklahoma City Thunder",67.25,2026-01-16
"Oklahoma City Thunder",68,2026-01-17
"Oklahoma City Thunder",68,2026-01-18
"Oklahoma City Thunder",68,2026-01-19
"Oklahoma City Thunder",66.5,2026-01-20
"Oklahoma City Thunder",66.5,2026-01-21
"Orlando Magic",48,2025-10-29
"Orlando Magic",47,2025-10-30
"Orlando Magic",47,2025-10-31
"Orlando Magic",47,2025-11-01
"Orlando Magic",46.5,2025-11-02
"Orlando Magic",46.6666666666667,2025-11-03
"Orlando Magic",46.6666666666667,2025-11-04
"Orlando Magic",45.6666666666667,2025-11-05
"Orlando Magic",45.6666666666667,2025-11-06
"Orlando Magic",45.6666666666667,2025-11-07
"Orlando Magic",47,2025-11-08
"Orlando Magic",47,2025-11-09
"Orlando Magic",45.5,2025-11-10
"Orlando Magic",45.5,2025-11-11
"Orlando Magic",45.5,2025-11-12
"Orlando Magic",46.5,2025-11-13
"Orlando Magic",46.6666666666667,2025-11-14
"Orlando Magic",46.6666666666667,2025-11-15
"Orlando Magic",46.5,2025-11-16
"Orlando Magic",47,2025-11-17
"Orlando Magic",46.6666666666667,2025-11-18
"Orlando Magic",46.8333333333333,2025-11-19
"Orlando Magic",47,2025-11-20
"Orlando Magic",47.5,2025-11-21
"Orlando Magic",47.5,2025-11-22
"Orlando Magic",47.5,2025-11-23
"Orlando Magic",47.5,2025-11-24
"Orlando Magic",47.5,2025-11-25
"Orlando Magic",49,2025-11-26
"Orlando Magic",48.75,2025-11-27
"Orlando Magic",48.75,2025-11-28
"Orlando Magic",48.75,2025-11-29
"Orlando Magic",48.75,2025-11-30
"Orlando Magic",50.75,2025-12-01
"Orlando Magic",51,2025-12-02
"Orlando Magic",51.375,2025-12-03
"Orlando Magic",51,2025-12-04
"Orlando Magic",50.8333333333333,2025-12-05
"Orlando Magic",50.8333333333333,2025-12-06
"Orlando Magic",50.8333333333333,2025-12-07
"Orlando Magic",46.5,2025-12-08
"Orlando Magic",48.5,2025-12-09
"Orlando Magic",49.3333333333333,2025-12-10
"Orlando Magic",49.6666666666667,2025-12-11
"Orlando Magic",49.6666666666667,2025-12-12
"Orlando Magic",49.6666666666667,2025-12-13
"Orlando Magic",49.75,2025-12-14
"Orlando Magic",49.75,2025-12-15
"Orlando Magic",49.75,2025-12-16
"Orlando Magic",49.8333333333333,2025-12-17
"Orlando Magic",49.8333333333333,2025-12-18
"Orlando Magic",49.8333333333333,2025-12-19
"Orlando Magic",49.75,2025-12-20
"Orlando Magic",49.75,2025-12-21
"Orlando Magic",49.5,2025-12-22
"Orlando Magic",49.5,2025-12-23
"Orlando Magic",51,2025-12-24
"Orlando Magic",51,2025-12-25
"Orlando Magic",50.6666666666667,2025-12-26
"Orlando Magic",50.6666666666667,2025-12-27
"Orlando Magic",50.6666666666667,2025-12-28
"Orlando Magic",49.5,2025-12-29
"Orlando Magic",49.6666666666667,2025-12-30
"Orlando Magic",49.6666666666667,2025-12-31
"Orlando Magic",49.5,2026-01-01
"Orlando Magic",49.5,2026-01-02
"Orlando Magic",48.5,2026-01-03
"Orlando Magic",48.5,2026-01-04
"Orlando Magic",48.5,2026-01-05
"Orlando Magic",48.5,2026-01-06
"Orlando Magic",48,2026-01-07
"Orlando Magic",47.5,2026-01-08
"Orlando Magic",47.5,2026-01-09
"Orlando Magic",48,2026-01-10
"Orlando Magic",48,2026-01-11
"Orlando Magic",46.5,2026-01-12
"Orlando Magic",46.6666666666667,2026-01-13
"Orlando Magic",46.6666666666667,2026-01-14
"Orlando Magic",46.6666666666667,2026-01-15
"Orlando Magic",46.5,2026-01-16
"Orlando Magic",46.5,2026-01-17
"Orlando Magic",46.5,2026-01-18
"Orlando Magic",47,2026-01-19
"Orlando Magic",46.8333333333333,2026-01-20
"Orlando Magic",46.8333333333333,2026-01-21
"Philadelphia 76ers",44.5,2025-10-29
"Philadelphia 76ers",44.5,2025-10-30
"Philadelphia 76ers",44.5,2025-10-31
"Philadelphia 76ers",43.75,2025-11-01
"Philadelphia 76ers",43.75,2025-11-02
"Philadelphia 76ers",43.8333333333333,2025-11-03
"Philadelphia 76ers",43.5,2025-11-04
"Philadelphia 76ers",44.8333333333333,2025-11-05
"Philadelphia 76ers",43.5,2025-11-06
"Philadelphia 76ers",43.5,2025-11-07
"Philadelphia 76ers",43.8333333333333,2025-11-08
"Philadelphia 76ers",46,2025-11-09
"Philadelphia 76ers",44.5,2025-11-10
"Philadelphia 76ers",44.5,2025-11-11
"Philadelphia 76ers",44.6666666666667,2025-11-12
"Philadelphia 76ers",44.6666666666667,2025-11-13
"Philadelphia 76ers",44.5,2025-11-14
"Philadelphia 76ers",44.6666666666667,2025-11-15
"Philadelphia 76ers",45,2025-11-16
"Philadelphia 76ers",44.6666666666667,2025-11-17
"Philadelphia 76ers",45.5,2025-11-18
"Philadelphia 76ers",45.5,2025-11-19
"Philadelphia 76ers",45.3333333333333,2025-11-20
"Philadelphia 76ers",45,2025-11-21
"Philadelphia 76ers",46,2025-11-22
"Philadelphia 76ers",46,2025-11-23
"Philadelphia 76ers",43.5,2025-11-24
"Philadelphia 76ers",44,2025-11-25
"Philadelphia 76ers",43.5,2025-11-26
"Philadelphia 76ers",43.5,2025-11-27
"Philadelphia 76ers",43.5,2025-11-28
"Philadelphia 76ers",44,2025-11-29
"Philadelphia 76ers",43.75,2025-11-30
"Philadelphia 76ers",42.6666666666667,2025-12-01
"Philadelphia 76ers",42.75,2025-12-02
"Philadelphia 76ers",42.5,2025-12-03
"Philadelphia 76ers",42.5,2025-12-04
"Philadelphia 76ers",42.8333333333333,2025-12-05
"Philadelphia 76ers",42.5,2025-12-06
"Philadelphia 76ers",42.5,2025-12-07
"Philadelphia 76ers",42.5,2025-12-08
"Philadelphia 76ers",42.75,2025-12-09
"Philadelphia 76ers",42.75,2025-12-10
"Philadelphia 76ers",42.75,2025-12-11
"Philadelphia 76ers",42.75,2025-12-12
"Philadelphia 76ers",42.625,2025-12-13
"Philadelphia 76ers",42.625,2025-12-14
"Philadelphia 76ers",43,2025-12-15
"Philadelphia 76ers",43,2025-12-16
"Philadelphia 76ers",43,2025-12-17
"Philadelphia 76ers",43,2025-12-18
"Philadelphia 76ers",43,2025-12-19
"Philadelphia 76ers",42.5,2025-12-20
"Philadelphia 76ers",42.5,2025-12-21
"Philadelphia 76ers",43.1666666666667,2025-12-22
"Philadelphia 76ers",43.1666666666667,2025-12-23
"Philadelphia 76ers",44,2025-12-24
"Philadelphia 76ers",44,2025-12-25
"Philadelphia 76ers",44,2025-12-26
"Philadelphia 76ers",43,2025-12-27
"Philadelphia 76ers",43,2025-12-28
"Philadelphia 76ers",42,2025-12-29
"Philadelphia 76ers",42,2025-12-30
"Philadelphia 76ers",42.8333333333333,2025-12-31
"Philadelphia 76ers",42.75,2026-01-01
"Philadelphia 76ers",44,2026-01-02
"Philadelphia 76ers",44,2026-01-03
"Philadelphia 76ers",44.5,2026-01-04
"Philadelphia 76ers",44.1666666666667,2026-01-05
"Philadelphia 76ers",44.8333333333333,2026-01-06
"Philadelphia 76ers",44.6666666666667,2026-01-07
"Philadelphia 76ers",44.5,2026-01-08
"Philadelphia 76ers",44.5,2026-01-09
"Philadelphia 76ers",45.5,2026-01-10
"Philadelphia 76ers",45.5,2026-01-11
"Philadelphia 76ers",45.5,2026-01-12
"Philadelphia 76ers",46.5,2026-01-13
"Philadelphia 76ers",46.5,2026-01-14
"Philadelphia 76ers",45.5,2026-01-15
"Philadelphia 76ers",45.5,2026-01-16
"Philadelphia 76ers",45.5,2026-01-17
"Philadelphia 76ers",45.5,2026-01-18
"Philadelphia 76ers",45.25,2026-01-19
"Philadelphia 76ers",46,2026-01-20
"Philadelphia 76ers",44.5,2026-01-21
"Phoenix Suns",29.875,2025-10-29
"Phoenix Suns",29.75,2025-10-30
"Phoenix Suns",29.375,2025-10-31
"Phoenix Suns",29.3333333333333,2025-11-01
"Phoenix Suns",28,2025-11-02
"Phoenix Suns",29.5,2025-11-03
"Phoenix Suns",29.5,2025-11-04
"Phoenix Suns",29.5,2025-11-05
"Phoenix Suns",29.5,2025-11-06
"Phoenix Suns",29.5,2025-11-07
"Phoenix Suns",30.125,2025-11-08
"Phoenix Suns",31.25,2025-11-09
"Phoenix Suns",31.625,2025-11-10
"Phoenix Suns",32,2025-11-11
"Phoenix Suns",32,2025-11-12
"Phoenix Suns",33,2025-11-13
"Phoenix Suns",34,2025-11-14
"Phoenix Suns",34.5,2025-11-15
"Phoenix Suns",34.5,2025-11-16
"Phoenix Suns",34.5,2025-11-17
"Phoenix Suns",34.1666666666667,2025-11-18
"Phoenix Suns",34.5,2025-11-19
"Phoenix Suns",37.5,2025-11-20
"Phoenix Suns",37.5,2025-11-21
"Phoenix Suns",37.5,2025-11-22
"Phoenix Suns",38.5,2025-11-23
"Phoenix Suns",38.5,2025-11-24
"Phoenix Suns",38,2025-11-25
"Phoenix Suns",38,2025-11-26
"Phoenix Suns",38.5,2025-11-27
"Phoenix Suns",38.5,2025-11-28
"Phoenix Suns",38.5,2025-11-29
"Phoenix Suns",38.5,2025-11-30
"Phoenix Suns",38.5,2025-12-01
"Phoenix Suns",38.5,2025-12-02
"Phoenix Suns",38.25,2025-12-03
"Phoenix Suns",38.1666666666667,2025-12-04
"Phoenix Suns",38.1666666666667,2025-12-05
"Phoenix Suns",38.1666666666667,2025-12-06
"Phoenix Suns",38.1666666666667,2025-12-07
"Phoenix Suns",39.5,2025-12-08
"Phoenix Suns",39,2025-12-09
"Phoenix Suns",39,2025-12-10
"Phoenix Suns",40.5,2025-12-11
"Phoenix Suns",40.5,2025-12-12
"Phoenix Suns",40.5,2025-12-13
"Phoenix Suns",40.5,2025-12-14
"Phoenix Suns",40.25,2025-12-15
"Phoenix Suns",40.25,2025-12-16
"Phoenix Suns",40.1666666666667,2025-12-17
"Phoenix Suns",40.1666666666667,2025-12-18
"Phoenix Suns",42.25,2025-12-19
"Phoenix Suns",42.25,2025-12-20
"Phoenix Suns",42.25,2025-12-21
"Phoenix Suns",43,2025-12-22
"Phoenix Suns",43,2025-12-23
"Phoenix Suns",42.75,2025-12-24
"Phoenix Suns",42.75,2025-12-25
"Phoenix Suns",42.8333333333333,2025-12-26
"Phoenix Suns",42.8333333333333,2025-12-27
"Phoenix Suns",42.8333333333333,2025-12-28
"Phoenix Suns",45,2025-12-29
"Phoenix Suns",45,2025-12-30
"Phoenix Suns",45,2025-12-31
"Phoenix Suns",45,2026-01-01
"Phoenix Suns",45,2026-01-02
"Phoenix Suns",45,2026-01-03
"Phoenix Suns",45,2026-01-04
"Phoenix Suns",47,2026-01-05
"Phoenix Suns",45.5,2026-01-06
"Phoenix Suns",45.5,2026-01-07
"Phoenix Suns",47,2026-01-08
"Phoenix Suns",47,2026-01-09
"Phoenix Suns",46.5,2026-01-10
"Phoenix Suns",46.5,2026-01-11
"Phoenix Suns",46.5,2026-01-12
"Phoenix Suns",46.5,2026-01-13
"Phoenix Suns",46.75,2026-01-14
"Phoenix Suns",46.25,2026-01-15
"Phoenix Suns",45.5,2026-01-16
"Phoenix Suns",45.5,2026-01-17
"Phoenix Suns",45.5,2026-01-18
"Phoenix Suns",47.75,2026-01-19
"Phoenix Suns",47.5,2026-01-20
"Phoenix Suns",49,2026-01-21
"Portland Trail Blazers",35.125,2025-10-29
"Portland Trail Blazers",35,2025-10-30
"Portland Trail Blazers",35.375,2025-10-31
"Portland Trail Blazers",38.75,2025-11-01
"Portland Trail Blazers",38.75,2025-11-02
"Portland Trail Blazers",39.3333333333333,2025-11-03
"Portland Trail Blazers",38.3333333333333,2025-11-04
"Portland Trail Blazers",38.5,2025-11-05
"Portland Trail Blazers",38.3333333333333,2025-11-06
"Portland Trail Blazers",38.3333333333333,2025-11-07
"Portland Trail Blazers",39.5,2025-11-08
"Portland Trail Blazers",38,2025-11-09
"Portland Trail Blazers",38,2025-11-10
"Portland Trail Blazers",38.25,2025-11-11
"Portland Trail Blazers",38.1666666666667,2025-11-12
"Portland Trail Blazers",39.3333333333333,2025-11-13
"Portland Trail Blazers",39.3333333333333,2025-11-14
"Portland Trail Blazers",39.3333333333333,2025-11-15
"Portland Trail Blazers",39,2025-11-16
"Portland Trail Blazers",39.5,2025-11-17
"Portland Trail Blazers",39.1666666666667,2025-11-18
"Portland Trail Blazers",39.5,2025-11-19
"Portland Trail Blazers",38.5,2025-11-20
"Portland Trail Blazers",38.3333333333333,2025-11-21
"Portland Trail Blazers",38.3333333333333,2025-11-22
"Portland Trail Blazers",38,2025-11-23
"Portland Trail Blazers",38,2025-11-24
"Portland Trail Blazers",38.5,2025-11-25
"Portland Trail Blazers",38.5,2025-11-26
"Portland Trail Blazers",38.5,2025-11-27
"Portland Trail Blazers",38.5,2025-11-28
"Portland Trail Blazers",38.5,2025-11-29
"Portland Trail Blazers",38.5,2025-11-30
"Portland Trail Blazers",38.5,2025-12-01
"Portland Trail Blazers",38,2025-12-02
"Portland Trail Blazers",37,2025-12-03
"Portland Trail Blazers",38.1666666666667,2025-12-04
"Portland Trail Blazers",38.1666666666667,2025-12-05
"Portland Trail Blazers",38.1666666666667,2025-12-06
"Portland Trail Blazers",39.5,2025-12-07
"Portland Trail Blazers",38.5,2025-12-08
"Portland Trail Blazers",38.5,2025-12-09
"Portland Trail Blazers",38.5,2025-12-10
"Portland Trail Blazers",38.5,2025-12-11
"Portland Trail Blazers",37.5,2025-12-12
"Portland Trail Blazers",37.5,2025-12-13
"Portland Trail Blazers",37.5,2025-12-14
"Portland Trail Blazers",37,2025-12-15
"Portland Trail Blazers",37,2025-12-16
"Portland Trail Blazers",37,2025-12-17
"Portland Trail Blazers",37,2025-12-18
"Portland Trail Blazers",38,2025-12-19
"Portland Trail Blazers",37.75,2025-12-20
"Portland Trail Blazers",37.75,2025-12-21
"Portland Trail Blazers",37,2025-12-22
"Portland Trail Blazers",37.5,2025-12-23
"Portland Trail Blazers",36.25,2025-12-24
"Portland Trail Blazers",36.25,2025-12-25
"Portland Trail Blazers",36.1666666666667,2025-12-26
"Portland Trail Blazers",36.1666666666667,2025-12-27
"Portland Trail Blazers",36.1666666666667,2025-12-28
"Portland Trail Blazers",36.5,2025-12-29
"Portland Trail Blazers",36.5,2025-12-30
"Portland Trail Blazers",36.5,2025-12-31
"Portland Trail Blazers",36.5,2026-01-01
"Portland Trail Blazers",36.5,2026-01-02
"Portland Trail Blazers",36,2026-01-03
"Portland Trail Blazers",37.5,2026-01-04
"Portland Trail Blazers",37.5,2026-01-05
"Portland Trail Blazers",37,2026-01-06
"Portland Trail Blazers",37.1666666666667,2026-01-07
"Portland Trail Blazers",38.5,2026-01-08
"Portland Trail Blazers",38.5,2026-01-09
"Portland Trail Blazers",39.5,2026-01-10
"Portland Trail Blazers",39.5,2026-01-11
"Portland Trail Blazers",38.1666666666667,2026-01-12
"Portland Trail Blazers",38.5,2026-01-13
"Portland Trail Blazers",38,2026-01-14
"Portland Trail Blazers",38.25,2026-01-15
"Portland Trail Blazers",38.75,2026-01-16
"Portland Trail Blazers",38,2026-01-17
"Portland Trail Blazers",38,2026-01-18
"Portland Trail Blazers",40,2026-01-19
"Portland Trail Blazers",39.8333333333333,2026-01-20
"Portland Trail Blazers",39.8333333333333,2026-01-21
"Sacramento Kings",31.3333333333333,2025-10-29
"Sacramento Kings",31.5,2025-10-30
"Sacramento Kings",31.5,2025-10-31
"Sacramento Kings",31.5,2025-11-01
"Sacramento Kings",31,2025-11-02
"Sacramento Kings",31,2025-11-03
"Sacramento Kings",31,2025-11-04
"Sacramento Kings",31,2025-11-05
"Sacramento Kings",31.1666666666667,2025-11-06
"Sacramento Kings",31.1666666666667,2025-11-07
"Sacramento Kings",32,2025-11-08
"Sacramento Kings",32.5,2025-11-09
"Sacramento Kings",32.5,2025-11-10
"Sacramento Kings",31.75,2025-11-11
"Sacramento Kings",31.5,2025-11-12
"Sacramento Kings",29.5,2025-11-13
"Sacramento Kings",29,2025-11-14
"Sacramento Kings",28.25,2025-11-15
"Sacramento Kings",28.25,2025-11-16
"Sacramento Kings",28.5,2025-11-17
"Sacramento Kings",28.1666666666667,2025-11-18
"Sacramento Kings",28.5,2025-11-19
"Sacramento Kings",28.5,2025-11-20
"Sacramento Kings",26.75,2025-11-21
"Sacramento Kings",26,2025-11-22
"Sacramento Kings",26,2025-11-23
"Sacramento Kings",26.5,2025-11-24
"Sacramento Kings",26.8333333333333,2025-11-25
"Sacramento Kings",26.8333333333333,2025-11-26
"Sacramento Kings",26.25,2025-11-27
"Sacramento Kings",26.25,2025-11-28
"Sacramento Kings",25,2025-11-29
"Sacramento Kings",25.75,2025-11-30
"Sacramento Kings",25.5,2025-12-01
"Sacramento Kings",25.5,2025-12-02
"Sacramento Kings",25.5,2025-12-03
"Sacramento Kings",25.3333333333333,2025-12-04
"Sacramento Kings",25.3333333333333,2025-12-05
"Sacramento Kings",25.5,2025-12-06
"Sacramento Kings",25.5,2025-12-07
"Sacramento Kings",26.5,2025-12-08
"Sacramento Kings",25.1666666666667,2025-12-09
"Sacramento Kings",25.1666666666667,2025-12-10
"Sacramento Kings",25.1666666666667,2025-12-11
"Sacramento Kings",25.1666666666667,2025-12-12
"Sacramento Kings",25.1666666666667,2025-12-13
"Sacramento Kings",25.1666666666667,2025-12-14
"Sacramento Kings",25.5,2025-12-15
"Sacramento Kings",25.5,2025-12-16
"Sacramento Kings",25.5,2025-12-17
"Sacramento Kings",25.5,2025-12-18
"Sacramento Kings",25.5,2025-12-19
"Sacramento Kings",25,2025-12-20
"Sacramento Kings",25,2025-12-21
"Sacramento Kings",24.5,2025-12-22
"Sacramento Kings",23.5,2025-12-23
"Sacramento Kings",23.25,2025-12-24
"Sacramento Kings",23.25,2025-12-25
"Sacramento Kings",23.5,2025-12-26
"Sacramento Kings",23.5,2025-12-27
"Sacramento Kings",23.5,2025-12-28
"Sacramento Kings",22,2025-12-29
"Sacramento Kings",22,2025-12-30
"Sacramento Kings",22.5,2025-12-31
"Sacramento Kings",22.5,2026-01-01
"Sacramento Kings",22.5,2026-01-02
"Sacramento Kings",22.5,2026-01-03
"Sacramento Kings",22.5,2026-01-04
"Sacramento Kings",21.5,2026-01-05
"Sacramento Kings",21.5,2026-01-06
"Sacramento Kings",21.5,2026-01-07
"Sacramento Kings",18,2026-01-08
"Sacramento Kings",18,2026-01-09
"Sacramento Kings",18.5,2026-01-10
"Sacramento Kings",18.5,2026-01-11
"Sacramento Kings",19.5,2026-01-12
"Sacramento Kings",20.5,2026-01-13
"Sacramento Kings",20.5,2026-01-14
"Sacramento Kings",22.5,2026-01-15
"Sacramento Kings",22.5,2026-01-16
"Sacramento Kings",22.5,2026-01-17
"Sacramento Kings",22.5,2026-01-18
"Sacramento Kings",22.5,2026-01-19
"Sacramento Kings",22.5,2026-01-20
"Sacramento Kings",22.5,2026-01-21
"San Antonio Spurs",46.5,2025-10-29
"San Antonio Spurs",46.5,2025-10-30
"San Antonio Spurs",46.5,2025-10-31
"San Antonio Spurs",47.25,2025-11-01
"San Antonio Spurs",47.25,2025-11-02
"San Antonio Spurs",46.5,2025-11-03
"San Antonio Spurs",46.5,2025-11-04
"San Antonio Spurs",46.5,2025-11-05
"San Antonio Spurs",46.6666666666667,2025-11-06
"San Antonio Spurs",46.8333333333333,2025-11-07
"San Antonio Spurs",46.5,2025-11-08
"San Antonio Spurs",46.5,2025-11-09
"San Antonio Spurs",46.5,2025-11-10
"San Antonio Spurs",48,2025-11-11
"San Antonio Spurs",48,2025-11-12
"San Antonio Spurs",47,2025-11-13
"San Antonio Spurs",47,2025-11-14
"San Antonio Spurs",47.25,2025-11-15
"San Antonio Spurs",47.25,2025-11-16
"San Antonio Spurs",47.25,2025-11-17
"San Antonio Spurs",44.5,2025-11-18
"San Antonio Spurs",44.5,2025-11-19
"San Antonio Spurs",44.875,2025-11-20
"San Antonio Spurs",45.5,2025-11-21
"San Antonio Spurs",45.5,2025-11-22
"San Antonio Spurs",45.5,2025-11-23
"San Antonio Spurs",45.75,2025-11-24
"San Antonio Spurs",45.6666666666667,2025-11-25
"San Antonio Spurs",45.6666666666667,2025-11-26
"San Antonio Spurs",47,2025-11-27
"San Antonio Spurs",47,2025-11-28
"San Antonio Spurs",47,2025-11-29
"San Antonio Spurs",47,2025-11-30
"San Antonio Spurs",46.75,2025-12-01
"San Antonio Spurs",46.6666666666667,2025-12-02
"San Antonio Spurs",47.5,2025-12-03
"San Antonio Spurs",49.25,2025-12-04
"San Antonio Spurs",49,2025-12-05
"San Antonio Spurs",49,2025-12-06
"San Antonio Spurs",49,2025-12-07
"San Antonio Spurs",51,2025-12-08
"San Antonio Spurs",51,2025-12-09
"San Antonio Spurs",51,2025-12-10
"San Antonio Spurs",50.6666666666667,2025-12-11
"San Antonio Spurs",51.1666666666667,2025-12-12
"San Antonio Spurs",51,2025-12-13
"San Antonio Spurs",53.5,2025-12-14
"San Antonio Spurs",53.75,2025-12-15
"San Antonio Spurs",53.75,2025-12-16
"San Antonio Spurs",54,2025-12-17
"San Antonio Spurs",54,2025-12-18
"San Antonio Spurs",53.6666666666667,2025-12-19
"San Antonio Spurs",55,2025-12-20
"San Antonio Spurs",55,2025-12-21
"San Antonio Spurs",54.5,2025-12-22
"San Antonio Spurs",54.5,2025-12-23
"San Antonio Spurs",57,2025-12-24
"San Antonio Spurs",57,2025-12-25
"San Antonio Spurs",57.8333333333333,2025-12-26
"San Antonio Spurs",58,2025-12-27
"San Antonio Spurs",58,2025-12-28
"San Antonio Spurs",57,2025-12-29
"San Antonio Spurs",55.5,2025-12-30
"San Antonio Spurs",55.5,2025-12-31
"San Antonio Spurs",55.5,2026-01-01
"San Antonio Spurs",55.5,2026-01-02
"San Antonio Spurs",55.5,2026-01-03
"San Antonio Spurs",56,2026-01-04
"San Antonio Spurs",56,2026-01-05
"San Antonio Spurs",55.8333333333333,2026-01-06
"San Antonio Spurs",54.6666666666667,2026-01-07
"San Antonio Spurs",54.5,2026-01-08
"San Antonio Spurs",54.5,2026-01-09
"San Antonio Spurs",54.5,2026-01-10
"San Antonio Spurs",54.5,2026-01-11
"San Antonio Spurs",55.8333333333333,2026-01-12
"San Antonio Spurs",55.3333333333333,2026-01-13
"San Antonio Spurs",54.5,2026-01-14
"San Antonio Spurs",55.25,2026-01-15
"San Antonio Spurs",55.5,2026-01-16
"San Antonio Spurs",55.5,2026-01-17
"San Antonio Spurs",55.5,2026-01-18
"San Antonio Spurs",57,2026-01-19
"San Antonio Spurs",56.5,2026-01-20
"San Antonio Spurs",57,2026-01-21
"Toronto Raptors",39.5,2025-10-29
"Toronto Raptors",37.875,2025-10-30
"Toronto Raptors",37.75,2025-10-31
"Toronto Raptors",38.6666666666667,2025-11-01
"Toronto Raptors",38.25,2025-11-02
"Toronto Raptors",38.5,2025-11-03
"Toronto Raptors",38.5,2025-11-04
"Toronto Raptors",39.5,2025-11-05
"Toronto Raptors",39.5,2025-11-06
"Toronto Raptors",39.375,2025-11-07
"Toronto Raptors",40,2025-11-08
"Toronto Raptors",40,2025-11-09
"Toronto Raptors",40,2025-11-10
"Toronto Raptors",41,2025-11-11
"Toronto Raptors",40,2025-11-12
"Toronto Raptors",40,2025-11-13
"Toronto Raptors",42,2025-11-14
"Toronto Raptors",42.5,2025-11-15
"Toronto Raptors",42.5,2025-11-16
"Toronto Raptors",42.5,2025-11-17
"Toronto Raptors",44.5,2025-11-18
"Toronto Raptors",44.8333333333333,2025-11-19
"Toronto Raptors",45.5,2025-11-20
"Toronto Raptors",45.5,2025-11-21
"Toronto Raptors",45.5,2025-11-22
"Toronto Raptors",45.5,2025-11-23
"Toronto Raptors",45.5,2025-11-24
"Toronto Raptors",46.5,2025-11-25
"Toronto Raptors",46.5,2025-11-26
"Toronto Raptors",47.5,2025-11-27
"Toronto Raptors",47.5,2025-11-28
"Toronto Raptors",48.5,2025-11-29
"Toronto Raptors",48.5,2025-11-30
"Toronto Raptors",47,2025-12-01
"Toronto Raptors",46.5,2025-12-02
"Toronto Raptors",48,2025-12-03
"Toronto Raptors",48,2025-12-04
"Toronto Raptors",47.5,2025-12-05
"Toronto Raptors",47.5,2025-12-06
"Toronto Raptors",47.5,2025-12-07
"Toronto Raptors",44.5,2025-12-08
"Toronto Raptors",44.5,2025-12-09
"Toronto Raptors",43.5,2025-12-10
"Toronto Raptors",43.5,2025-12-11
"Toronto Raptors",43.1666666666667,2025-12-12
"Toronto Raptors",43.1666666666667,2025-12-13
"Toronto Raptors",43.1666666666667,2025-12-14
"Toronto Raptors",43.1666666666667,2025-12-15
"Toronto Raptors",43.75,2025-12-16
"Toronto Raptors",43.8333333333333,2025-12-17
"Toronto Raptors",43.8333333333333,2025-12-18
"Toronto Raptors",43.5,2025-12-19
"Toronto Raptors",44.25,2025-12-20
"Toronto Raptors",44.25,2025-12-21
"Toronto Raptors",43,2025-12-22
"Toronto Raptors",43,2025-12-23
"Toronto Raptors",44,2025-12-24
"Toronto Raptors",44,2025-12-25
"Toronto Raptors",44,2025-12-26
"Toronto Raptors",44,2025-12-27
"Toronto Raptors",44,2025-12-28
"Toronto Raptors",42.5,2025-12-29
"Toronto Raptors",44,2025-12-30
"Toronto Raptors",44,2025-12-31
"Toronto Raptors",42.5,2026-01-01
"Toronto Raptors",42.5,2026-01-02
"Toronto Raptors",42.5,2026-01-03
"Toronto Raptors",42.5,2026-01-04
"Toronto Raptors",42.5,2026-01-05
"Toronto Raptors",44,2026-01-06
"Toronto Raptors",43.8333333333333,2026-01-07
"Toronto Raptors",43.5,2026-01-08
"Toronto Raptors",43.5,2026-01-09
"Toronto Raptors",46,2026-01-10
"Toronto Raptors",46,2026-01-11
"Toronto Raptors",45.5,2026-01-12
"Toronto Raptors",44.5,2026-01-13
"Toronto Raptors",44.5,2026-01-14
"Toronto Raptors",45.5,2026-01-15
"Toronto Raptors",45.5,2026-01-16
"Toronto Raptors",45.5,2026-01-17
"Toronto Raptors",46,2026-01-18
"Toronto Raptors",44.5,2026-01-19
"Toronto Raptors",44.5,2026-01-20
"Toronto Raptors",46,2026-01-21
"Utah Jazz",22.8333333333333,2025-10-29
"Utah Jazz",23.1666666666667,2025-10-30
"Utah Jazz",23.1666666666667,2025-10-31
"Utah Jazz",23,2025-11-01
"Utah Jazz",23,2025-11-02
"Utah Jazz",21.5,2025-11-03
"Utah Jazz",22.6666666666667,2025-11-04
"Utah Jazz",22.75,2025-11-05
"Utah Jazz",20.5,2025-11-06
"Utah Jazz",20.75,2025-11-07
"Utah Jazz",20.75,2025-11-08
"Utah Jazz",20.75,2025-11-09
"Utah Jazz",20.6666666666667,2025-11-10
"Utah Jazz",21,2025-11-11
"Utah Jazz",20.5,2025-11-12
"Utah Jazz",20.5,2025-11-13
"Utah Jazz",20.3333333333333,2025-11-14
"Utah Jazz",20.3333333333333,2025-11-15
"Utah Jazz",20,2025-11-16
"Utah Jazz",21.5,2025-11-17
"Utah Jazz",21.3333333333333,2025-11-18
"Utah Jazz",21.3333333333333,2025-11-19
"Utah Jazz",21,2025-11-20
"Utah Jazz",21,2025-11-21
"Utah Jazz",21,2025-11-22
"Utah Jazz",21,2025-11-23
"Utah Jazz",21,2025-11-24
"Utah Jazz",21.1666666666667,2025-11-25
"Utah Jazz",21,2025-11-26
"Utah Jazz",21,2025-11-27
"Utah Jazz",21,2025-11-28
"Utah Jazz",21,2025-11-29
"Utah Jazz",21,2025-11-30
"Utah Jazz",21.75,2025-12-01
"Utah Jazz",22,2025-12-02
"Utah Jazz",22,2025-12-03
"Utah Jazz",22,2025-12-04
"Utah Jazz",22.5,2025-12-05
"Utah Jazz",22.5,2025-12-06
"Utah Jazz",23.5,2025-12-07
"Utah Jazz",23.5,2025-12-08
"Utah Jazz",23.5,2025-12-09
"Utah Jazz",23.5,2025-12-10
"Utah Jazz",23.5,2025-12-11
"Utah Jazz",23.3333333333333,2025-12-12
"Utah Jazz",24,2025-12-13
"Utah Jazz",23.75,2025-12-14
"Utah Jazz",24,2025-12-15
"Utah Jazz",24.25,2025-12-16
"Utah Jazz",24.1666666666667,2025-12-17
"Utah Jazz",24,2025-12-18
"Utah Jazz",24,2025-12-19
"Utah Jazz",24.25,2025-12-20
"Utah Jazz",24.25,2025-12-21
"Utah Jazz",23.5,2025-12-22
"Utah Jazz",23.5,2025-12-23
"Utah Jazz",22.75,2025-12-24
"Utah Jazz",22.75,2025-12-25
"Utah Jazz",22.5,2025-12-26
"Utah Jazz",22.5,2025-12-27
"Utah Jazz",22.5,2025-12-28
"Utah Jazz",24.5,2025-12-29
"Utah Jazz",24.5,2025-12-30
"Utah Jazz",24.5,2025-12-31
"Utah Jazz",24.5,2026-01-01
"Utah Jazz",23.75,2026-01-02
"Utah Jazz",23,2026-01-03
"Utah Jazz",23,2026-01-04
"Utah Jazz",23,2026-01-05
"Utah Jazz",23.5,2026-01-06
"Utah Jazz",23.5,2026-01-07
"Utah Jazz",23.5,2026-01-08
"Utah Jazz",23.5,2026-01-09
"Utah Jazz",23,2026-01-10
"Utah Jazz",23,2026-01-11
"Utah Jazz",23.5,2026-01-12
"Utah Jazz",24.5,2026-01-13
"Utah Jazz",24.5,2026-01-14
"Utah Jazz",24.5,2026-01-15
"Utah Jazz",24.5,2026-01-16
"Utah Jazz",24.5,2026-01-17
"Utah Jazz",24.5,2026-01-18
"Utah Jazz",23,2026-01-19
"Utah Jazz",23,2026-01-20
"Utah Jazz",24,2026-01-21
"Washington Wizards",19,2025-10-29
"Washington Wizards",19,2025-10-30
"Washington Wizards",19.25,2025-10-31
"Washington Wizards",19.25,2025-11-01
"Washington Wizards",19.25,2025-11-02
"Washington Wizards",19.1666666666667,2025-11-03
"Washington Wizards",19.5,2025-11-04
"Washington Wizards",19.5,2025-11-05
"Washington Wizards",19.5,2025-11-06
"Washington Wizards",19.5,2025-11-07
"Washington Wizards",19.5,2025-11-08
"Washington Wizards",18,2025-11-09
"Washington Wizards",18.6666666666667,2025-11-10
"Washington Wizards",19,2025-11-11
"Washington Wizards",18.8333333333333,2025-11-12
"Washington Wizards",17.8333333333333,2025-11-13
"Washington Wizards",17.6666666666667,2025-11-14
"Washington Wizards",17.1666666666667,2025-11-15
"Washington Wizards",17.5,2025-11-16
"Washington Wizards",16.5,2025-11-17
"Washington Wizards",15,2025-11-18
"Washington Wizards",15,2025-11-19
"Washington Wizards",15,2025-11-20
"Washington Wizards",15,2025-11-21
"Washington Wizards",15,2025-11-22
"Washington Wizards",15,2025-11-23
"Washington Wizards",15,2025-11-24
"Washington Wizards",15.3333333333333,2025-11-25
"Washington Wizards",15.5,2025-11-26
"Washington Wizards",15.25,2025-11-27
"Washington Wizards",15.25,2025-11-28
"Washington Wizards",15.5,2025-11-29
"Washington Wizards",15.5,2025-11-30
"Washington Wizards",15.5,2025-12-01
"Washington Wizards",15.5,2025-12-02
"Washington Wizards",15.5,2025-12-03
"Washington Wizards",15.5,2025-12-04
"Washington Wizards",15.1666666666667,2025-12-05
"Washington Wizards",15,2025-12-06
"Washington Wizards",15.5,2025-12-07
"Washington Wizards",15.25,2025-12-08
"Washington Wizards",15.5,2025-12-09
"Washington Wizards",15.5,2025-12-10
"Washington Wizards",15.5,2025-12-11
"Washington Wizards",15.5,2025-12-12
"Washington Wizards",15.5,2025-12-13
"Washington Wizards",15.5,2025-12-14
"Washington Wizards",15,2025-12-15
"Washington Wizards",15,2025-12-16
"Washington Wizards",15.5,2025-12-17
"Washington Wizards",15.5,2025-12-18
"Washington Wizards",15,2025-12-19
"Washington Wizards",15,2025-12-20
"Washington Wizards",15,2025-12-21
"Washington Wizards",16.5,2025-12-22
"Washington Wizards",16.5,2025-12-23
"Washington Wizards",15,2025-12-24
"Washington Wizards",15,2025-12-25
"Washington Wizards",15,2025-12-26
"Washington Wizards",15,2025-12-27
"Washington Wizards",15,2025-12-28
"Washington Wizards",16,2025-12-29
"Washington Wizards",16,2025-12-30
"Washington Wizards",16,2025-12-31
"Washington Wizards",17,2026-01-01
"Washington Wizards",17,2026-01-02
"Washington Wizards",18.5,2026-01-03
"Washington Wizards",18.5,2026-01-04
"Washington Wizards",19.5,2026-01-05
"Washington Wizards",19.5,2026-01-06
"Washington Wizards",21.1666666666667,2026-01-07
"Washington Wizards",21.75,2026-01-08
"Washington Wizards",21,2026-01-09
"Washington Wizards",21.5,2026-01-10
"Washington Wizards",21.5,2026-01-11
"Washington Wizards",21.5,2026-01-12
"Washington Wizards",21.125,2026-01-13
"Washington Wizards",21.125,2026-01-14
"Washington Wizards",21.5,2026-01-15
"Washington Wizards",21.5,2026-01-16
"Washington Wizards",21.5,2026-01-17
"Washington Wizards",21.5,2026-01-18
"Washington Wizards",21.5,2026-01-19
"Washington Wizards",20.5,2026-01-20
"Washington Wizards",20.5,2026-01-21
